topic,site,url_root,headline,url,publish_date,publish_time
World,BBC,https://www.bbc.com/news,Gaza officials say children killed in strike as Israeli military admits 'error',/articles/c0rvxjnvv71o,2025-07-13,16:29:05
World,BBC,https://www.bbc.com/news,Iran president was reportedly injured in Israeli strikes,/articles/cn0z8n037p6o,2025-07-13,17:20:02
World,BBC,https://www.bbc.com/news,EU delays retaliatory trade tariffs against US,/articles/cdez5w61g5lo,2025-07-13,16:38:09
World,BBC,https://www.bbc.com/news,Former Nigerian leader Muhammadu Buhari dies aged 82,/articles/c89781qxnzdo,2025-07-13,16:51:25
World,BBC,https://www.bbc.com/news,"Russia's agents killed after intelligence officer shot dead, says Ukraine",/articles/cj3r7p117l0o,2025-07-13,13:31:11
World,BBC,https://www.bbc.com/news,Gisèle Pelicot given France's highest award,/articles/cr5v1p4zel8o,2025-07-13,13:40:45
World,BBC,https://www.bbc.com/news,Trump defends US Attorney General Pam Bondi over Epstein files,/articles/c9qxd2exqgno,2025-07-13,15:36:15
World,BBC,https://www.bbc.com/news,"Texas camp buildings were removed from map showing flood risks, US media reports",/articles/ce8zjk5yx8wo,2025-07-13,15:20:08
World,BBC,https://www.bbc.com/news,"Inside the Congolese mine vital to mobile phones, as rebels give BBC rare access",/articles/cyvj986l615o,2025-07-12,23:40:23
World,BBC,https://www.bbc.com/news,"French prisoner escapes in fellow inmate's bag, officials say",/articles/cn81974j29po,2025-07-13,10:53:29
World,BBC,https://www.bbc.com/news,South Korea medical students end 17-month boycott of classes,/articles/c3enxwvex4no,2025-07-13,12:24:57
World,BBC,https://www.bbc.com/news,German backpacker found after 11 nights in Australia's outback,/articles/c17w87pv5ljo,2025-07-12,11:20:48
World,BBC,https://www.bbc.com/news,"Arizona resident dies from plague, health officials say",/articles/cz7l8w8881qo,2025-07-12,19:38:25
World,BBC,https://www.bbc.com/news,Med Sea heatwave might feel nice for holiday swimming but there's a catch,/articles/c4g2v1l7j6yo,2025-07-12,00:33:38
World,BBC,https://www.bbc.com/news,Gaza hospital says 24 people killed near aid site as witnesses blame IDF,/articles/cp90v2ng70yo,2025-07-12,21:49:47
World,BBC,https://www.bbc.com/news,US drops charges against doctor accused of destroying Covid vaccines,/articles/cy0w1p0wq87o,2025-07-13,07:17:55
World,BBC,https://www.bbc.com/news,Canada's Carney talked tough on Trump - now some say he's backing down,/articles/cvg81518yyyo,2025-07-11,23:05:58
World,BBC,https://www.bbc.com/news,"US has resumed military supplies to Ukraine, Zelensky says",/articles/crl04200dp4o,2025-07-11,22:56:32
World,BBC,https://www.bbc.com/news,Mystery of Air India crash deepens as report reveals cockpit audio,/articles/cx2gy78gpnqo,2025-07-12,16:50:32
World,BBC,https://www.bbc.com/news,The mushroom killer was obsessed with true crime. Now true crime fans are obsessed with her,/articles/c0m8glx2zleo,2025-07-12,21:11:05
World,BBC,https://www.bbc.com/news,Putin's friend Gergiev set for concert as Italy breaks ban on pro-Kremlin artists,/articles/czxw4n7vy70o,2025-07-13,00:00:42
World,BBC,https://www.bbc.com/news,When an unsung Indian helped Austrian Jews escape the Nazis,/articles/crl0r5wrkexo,2025-07-12,23:56:15
World,BBC,https://www.bbc.com/news,'Was this avoidable?': Families of Air India crash victims seek answers,/articles/c5ylv04r1eyo,2025-07-12,10:47:08
World,BBC,https://www.bbc.com/news,North Korea's Benidorm-style resort welcomes first Russian tourists,/articles/cwyrk588dlro,2025-07-12,00:39:24
World,BBC,https://www.bbc.com/news,Donald Trump and the Scots: A not-so special relationship,/articles/c78nv0y89p6o,2025-07-11,22:05:58
World,BBC,https://www.bbc.com/news,Mother mourns 'beautiful' 12-year-old shot while watching TV during Kenya protests,/articles/cd6gzx85gdqo,2025-07-11,16:57:34
World,BBC,https://www.bbc.com/news,An Indigenous Australian community is fighting to protect sacred springs from a coal mine,/articles/ckglj211x9yo,2025-07-11,22:40:54
World,BBC,https://www.bbc.com/news,The beauty and brutality of life in the shadow of Kashmir killings,/articles/cjrll874eg5o,2025-07-12,00:07:28
World,BBC,https://www.bbc.com/news,Is William Ruto the most disliked president in Kenya's history?,/articles/c93kv37qdeno,2025-07-12,00:40:06
World,BBC,https://www.bbc.com/news,A bridge too far? Prague railway project draws criticism,/articles/cvg8r0v05p8o,2025-07-12,01:07:21
World,BBC,https://www.bbc.com/news,Outrage builds over plan to force all Gazans to southern city,/articles/c9dgv7v1d06o,2025-07-11,11:55:51
World,BBC,https://www.bbc.com/news,Asia is reeling from Trump's tariff salvo - is anyone winning?,/articles/ckg5l2yy42eo,2025-07-11,00:45:05
World,BBC,https://www.bbc.com/news,'I created it myself': The boy behind the viral 'aura farming' boat racing dance,/articles/czxe7ey59r0o,2025-07-11,08:14:13
World,BBC,https://www.bbc.com/news,Row over language turns violent in India's richest state,/articles/c93kwqvw3jxo,2025-07-10,23:33:34
World,BBC,https://www.bbc.com/news,"In the country with the world's lowest birth rate, fertility clinics are booming",/articles/c20wg50l563o,2025-07-10,22:59:09
World,BBC,https://www.bbc.com/news,'A huge explosion-like sound' - Survivors recall moment India bridge collapsed,/articles/cjel1g15qxpo,2025-07-10,08:22:55
World,BBC,https://www.bbc.com/news,Chinese students sleep off heatwave in libraries and tents,/articles/czrykm5z2rxo,2025-07-09,22:00:09
World,BBC,https://www.bbc.com/news,India and China strive to reset ties but with caution,/articles/cly25ndp8kwo,2025-07-09,23:01:03
World,BBC,https://www.bbc.com/news,Watch: What we know about the fuel switches on Air India flight 171,/videos/cx2vrdd5xkeo,2025-07-11,22:53:15
World,BBC,https://www.bbc.com/news,"Air India report may lead to answers, but not closure for families",/videos/c80pj0pv974o,2025-07-12,06:04:07
World,BBC,https://www.bbc.com/news,Russians tell the BBC how they think the Ukraine war will end,/videos/c1wp55wqq0lo,2025-07-11,16:24:19
World,BBC,https://www.bbc.com/news,Watch: Moment child gets stuck inside a claw machine,/videos/cy8kgg5l037o,2025-07-11,15:47:19
World,BBC,https://www.bbc.com/news,Watch: Child migrants' fears trying to cross the Channel,/videos/c36x3k6y4zzo,2025-07-11,08:57:33
World,Foreign Policy,https://foreignpolicy.com,Trump vs. BRICS,/2025/07/13/brics-summit-brazil-trump-tariffs-geopolitics/,2025-07-13,14:00:28
World,Foreign Policy,https://foreignpolicy.com,Rubio Walks Diplomatic Tightrope in Southeast Asia,/2025/07/11/rubio-southeast-asia-trump-trade-tariffs-asean/,2025-07-11,21:28:47
World,Foreign Policy,https://foreignpolicy.com,How to Lose Friends and Alienate Partners,/2025/07/11/immigration-afghanistan-united-states-national-security-trump/,2025-07-11,19:53:36
World,Foreign Policy,https://foreignpolicy.com,Superman the Interventionist,/2025/07/11/superman-movie-review-american-politics/,2025-07-11,19:00:56
World,Foreign Policy,https://foreignpolicy.com,What in the World?,/2025/07/11/news-quiz-trump-tariffs-kenya-protests-poland-border-restrictions-russia-bomb-ukraine/,2025-07-11,18:52:08
World,Foreign Policy,https://foreignpolicy.com,Empress Farah Pahlavi and the Myth of the Secular Shah,/2025/07/11/iran-monarch-islam-revolution-secular-modern-shah-ayatollah/,2025-07-11,18:40:11
World,Foreign Policy,https://foreignpolicy.com,Bring Back the Spirit of Bandung,/2025/07/11/brics-middle-powers-bandung-global-order/,2025-07-11,18:20:48
World,Foreign Policy,https://foreignpolicy.com,When the Threat Is Inside the White House,/2025/07/11/cia-trump-us-intelligence-agency-spies-maga-national-security/,2025-07-11,18:00:03
World,Foreign Policy,https://foreignpolicy.com,What Determines the Value of Art?,/2025/07/11/tooze-art-market-transcript-podcast/,2025-07-11,17:43:57
World,Foreign Policy,https://foreignpolicy.com,Britain's Palestine Action Ban Is a Dangerous Overreach,/2025/07/11/united-kingdom-palestine-action-terrorism-law-proscription/,2025-07-11,15:10:24
World,Foreign Policy,https://foreignpolicy.com,Can America Fix Its Fertility Crisis?,/2025/07/11/america-fertility-crisis/,2025-07-11,15:02:10
World,Foreign Policy,https://foreignpolicy.com,Has Trump Finally Turned on Putin?,/2025/07/10/trump-putin-ukraine-weapons-hegseth/,2025-07-10,22:00:20
World,Foreign Policy,https://foreignpolicy.com,"France and U.K. Sign Key Deals on Migration, Nuclear Weapons",/2025/07/10/uk-france-migration-nuclear-weapons-deal-starmer-macron/,2025-07-10,21:20:05
World,Foreign Policy,https://foreignpolicy.com,Trump's Copper Tariffs Are the Wrong Fix,/2025/07/10/trump-tariffs-trade-imports-copper-national-security/,2025-07-10,18:51:16
World,Foreign Policy,https://foreignpolicy.com,Iran Policy Has Gone Postmodern,/2025/07/10/iran-war-policy-postmodern-trump-narrative/,2025-07-10,18:28:11
World,Foreign Policy,https://foreignpolicy.com,Do Trump and Bibi Have a Longer-Term Middle East Strategy?,/2025/07/10/friedman-trump-bibi-netanyahu-middle-east-strategy/,2025-07-10,17:28:52
World,Foreign Policy,https://foreignpolicy.com,Trump Appears to Move off Regime Change Approach to Cuba,/2025/07/10/trump-cuba-regime-change-united-states/,2025-07-10,14:31:43
World,Foreign Policy,https://foreignpolicy.com,The Dam That Sparked a South American Spying Scandal,/2025/07/10/itaipu-dam-brazil-paraguay-spy-hack-scandal-energy-lula/,2025-07-10,13:52:33
World,Foreign Policy,https://foreignpolicy.com,Israel and Syria Should Prioritize Security Cooperation,/2025/07/10/israel-syria-negotiations-peace-security/,2025-07-10,13:25:13
World,Foreign Policy,https://foreignpolicy.com,What the Critical Minerals Race Means for Women,/2025/07/10/women-critical-minerals-mining/,2025-07-10,04:01:55
World,Foreign Policy,https://foreignpolicy.com,Why North Korea's Done Hedging,/2025/07/10/north-korea-russia-china-nuclear-ambitions/,2025-07-10,04:01:10
World,Foreign Policy,https://foreignpolicy.com,"Russia Fires Record Barrage of Drones, Missiles at Ukraine",/2025/07/09/russia-ukraine-trump-drone-attack-defense-weapons/,2025-07-09,21:55:02
World,Foreign Policy,https://foreignpolicy.com,How the Dalai Lama's Succession Could Shape India-China Ties,/2025/07/09/dalai-lama-succession-india-china-tibet/,2025-07-09,21:49:43
World,Foreign Policy,https://foreignpolicy.com,Third Parties in America Usually Fail. Can Elon Musk Change That?,/2025/07/09/elon-musk-trump-america-party-third/,2025-07-09,21:21:51
World,Foreign Policy,https://foreignpolicy.com,Closing NATO's Indo-Pacific Gap,/2025/07/09/nato-china-indo-pacific-australia-japan-trump/,2025-07-09,16:44:02
World,Foreign Affairs,https://www.foreignaffairs.com,Georgia's Warning for Ukraine,/georgia/georgias-warning-ukraine,2025-07-11,00:00:00
World,Foreign Affairs,https://www.foreignaffairs.com,The Post-Iranian Middle East,/israel/post-iranian-middle-east-amos-yadlin,2025-07-11,00:00:00
World,Foreign Affairs,https://www.foreignaffairs.com,The Sordid History of Offshoring Migrants,/united-states/sordid-history-offshoring-migrants,2025-07-10,00:00:00
World,Foreign Affairs,https://www.foreignaffairs.com,How Russia Could Exploit a Vacuum in Europe,/united-states/how-russia-could-exploit-vacuum-europe,2025-07-10,00:00:00
World,Foreign Affairs,https://www.foreignaffairs.com,The Real AI Race,/united-states/china-real-artificial-intelligence-race-innovation,2025-07-09,00:00:00
World,Foreign Affairs,https://www.foreignaffairs.com,American Gun Violence Goes Global,/united-states/american-gun-violence-goes-global,2025-07-09,00:00:00
World,Foreign Affairs,https://www.foreignaffairs.com,The Islamic Republic's New Lease on Life,/israel/islamic-republics-new-lease-life,2025-07-08,00:00:00
World,Foreign Affairs,https://www.foreignaffairs.com,North Korea's Second Chance?,/north-korea/north-koreas-second-chance,2025-07-08,00:00:00
World,Foreign Affairs,https://www.foreignaffairs.com,Ukraine's Drone Revolution,/russia/ukraines-drone-revolution,2025-07-07,00:00:00
World,Foreign Affairs,https://www.foreignaffairs.com,AI and the Trust Revolution,/united-states/artificial-intelligence-and-trust-revolution-technology-transforming-human-connections,2025-07-07,00:00:00
World,Foreign Affairs,https://www.foreignaffairs.com,How Trump Can Finish the Job in Iran-and the Middle East,/united-states/how-trump-can-finish-job-iran-and-middle-east,2025-07-04,00:00:00
World,Foreign Affairs,https://www.foreignaffairs.com,What Drones Can-and Cannot-Do on the Battlefield,/united-states/what-drones-can-and-cannot-do-battlefield,2025-07-04,00:00:00
World,Foreign Affairs,https://www.foreignaffairs.com,The Fantasy of a Grand Bargain Between America and China,/united-states/fantasy-grand-bargain-between-america-and-china,2025-07-03,00:00:00
World,Foreign Affairs,https://www.foreignaffairs.com,The End of the Age of NGOs?,/world/end-age-ngos,2025-07-03,00:00:00
World,Foreign Affairs,https://www.foreignaffairs.com,Trump Is Breaking American Intelligence,/united-states/trump-breaking-american-intelligence,2025-07-02,00:00:00
World,Foreign Affairs,https://www.foreignaffairs.com,Ukraine Can Still Win,/ukraine/ukraine-can-still-win,2025-07-01,00:00:00
World,Foreign Affairs,https://www.foreignaffairs.com,An Industrial Policy With American Characteristics,/united-states/industrial-policy-american-characteristics,2025-07-01,00:00:00
World,Foreign Affairs,https://www.foreignaffairs.com,The Staying Power of India's Hindu Right,/india/staying-power-indias-hindu-right,2025-06-30,00:00:00
World,Foreign Affairs,https://www.foreignaffairs.com,Europe Must Get Off the Sidelines in the Middle East,/europe/europe-must-get-sidelines-middle-east,2025-06-27,00:30:00
World,Foreign Affairs,https://www.foreignaffairs.com,Did the Attacks on Iran Succeed?,/iran/did-attacks-iran-succeed,2025-06-26,00:00:00
UK,BBC,https://www.bbc.com/news,Child dies at Alder Hey after contracting measles,/articles/c8j1k3k44e2o,2025-07-13,19:36:08
UK,BBC,https://www.bbc.com/news,Plane crashes at Southend Airport,/articles/c1jw71kjx14o,2025-07-13,19:50:52
UK,BBC,https://www.bbc.com/news,More rules being considered to keep children safe online,/articles/cp82447l84ko,2025-07-13,11:57:33
UK,BBC,https://www.bbc.com/news,"Electric cars will be cheaper to buy, pledges minister",/articles/cg5z4nlned0o,2025-07-13,14:20:15
UK,BBC,https://www.bbc.com/news,UK sizzles for final day of heatwave ahead of heavy rain,/articles/cwyxk999p5wo,2025-07-13,19:36:17
UK,BBC,https://www.bbc.com/news,"Boy, 15, and three others dead in incidents on hottest day",/articles/cpqnxxll9zno,2025-07-13,18:08:22
UK,BBC,https://www.bbc.com/news,"BBC needs to get a grip quicker after controversies, Ofcom chief says",/articles/c80pm97g5dvo,2025-07-13,13:03:22
UK,BBC,https://www.bbc.com/news,One dead as train strikes van at level crossing,/articles/c36xryjn5leo,2025-07-13,19:16:38
UK,BBC,https://www.bbc.com/news,Man arrested after Stone of Destiny glass broken at museum,/articles/c5ylv36xn57o,2025-07-13,17:21:49
UK,BBC,https://www.bbc.com/news,I was wrongly accused of felling the Sycamore Gap tree,/articles/c4ged0r2kgyo,2025-07-13,00:01:17
UK,BBC,https://www.bbc.com/news,Dog rescued after being stuck down a well for 11 days,/articles/c8d65p853n7o,2025-07-13,05:48:12
UK,BBC,https://www.bbc.com/news,Lancaster sends emergency alert after engine issue,/articles/c17wvqgxz9do,2025-07-12,18:53:20
UK,BBC,https://www.bbc.com/news,Health secretary and BMA to meet in bid to avoid strikes,/articles/c4g8xq0e928o,2025-07-13,09:24:38
UK,BBC,https://www.bbc.com/news,Dads call for ban on smartphones in schools,/articles/clylxepkeyqo,2025-07-12,17:23:26
UK,BBC,https://www.bbc.com/news,Puppies abandoned in bin bag by side of road,/articles/cwyejwkej54o,2025-07-12,16:50:14
UK,BBC,https://www.bbc.com/news,Watch: Child migrants' fears trying to cross the Channel,/videos/c36x3k6y4zzo,2025-07-11,08:57:33
UK,BBC,https://www.bbc.com/news,"Irvine Welsh on Trainspotting, its sequel and modern-day malaise",/videos/cvgw34rv034o,2025-07-11,08:52:17
UK,BBC,https://www.bbc.com/news,'This is history right here': Oasis fans queue for Manchester gig,/videos/cvge3jd5wzzo,2025-07-11,07:07:07
UK,BBC,https://www.bbc.com/news,What is Flying Ant Day?,/videos/cx2vrl47x17o,2025-07-10,18:00:37
UK,BBC,https://www.bbc.com/news,Watch: BBC sees Border Force take migrants to Dover from Channel,/videos/c0m8gnj2y0no,2025-07-10,14:30:37
UK,BBC,https://www.bbc.com/news,In pictures: Royals and A-listers grace Wimbledon finals,/articles/ce8zl55598qo,2025-07-13,17:44:23
UK,BBC,https://www.bbc.com/news,Lab-grown cheese is coming. But would you eat it?,/articles/c98jjgqyd6po,2025-07-13,00:12:02
UK,BBC,https://www.bbc.com/news,'My father was an unsung hero of Live Aid',/articles/c0ep5regl17o,2025-07-13,05:48:26
UK,BBC,https://www.bbc.com/news,Love Island seems to be having a moment this year - but why?,/articles/cnvmmp34yq5o,2025-07-12,23:38:42
UK,BBC,https://www.bbc.com/news,Drake's still relevant - as his famous friends will tell you,/articles/c20wl50wqq5o,2025-07-13,02:07:10
UK,BBC,https://www.bbc.com/news,Child dies at Alder Hey after contracting measles,/articles/c8j1k3k44e2o,2025-07-13,19:36:08
UK,BBC,https://www.bbc.com/news,"Boy, 15, and three others dead in incidents on hottest day",/articles/cpqnxxll9zno,2025-07-13,18:08:22
UK,The Guardian,https://www.theguardian.com,Former Nigerian president Muhammadu Buhari dies aged 82 in London,/world/2025/jul/13/former-nigeria-president-muhammadu-buhari-dies-aged-82-in-london,2025-07-13,18:44:21
UK,The Guardian,https://www.theguardian.com,"Turn empty London office blocks into 'late-night party zones', report suggests",/business/2025/jul/13/london-office-empty-blocks-nightclubs-nightlife-report,2025-07-13,17:00:44
UK,The Guardian,https://www.theguardian.com,'Serious incident' at Southend airport after small plane crashes,/uk-news/2025/jul/13/serious-incident-at-southend-airport-after-small-plane-crashes,2025-07-13,16:36:12
UK,The Guardian,https://www.theguardian.com,Bishops call on UK government to take action over West Bank settler violence,/world/2025/jul/13/bishops-call-on-uk-government-to-take-action-over-settler-violence-in-west-bank,2025-07-13,16:30:44
UK,The Guardian,https://www.theguardian.com,Fathers plan legal action to get smartphones banned in England's schools,/technology/2025/jul/13/fathers-legal-action-smartphone-ban-england-schools,2025-07-13,16:28:55
UK,The Guardian,https://www.theguardian.com,"Brenda, 95, and her soft toys become unlikely stars on TikTok",/technology/2025/jul/13/brenda-soft-toys-unlikely-stars-tiktok,2025-07-13,15:00:44
UK,The Guardian,https://www.theguardian.com,UK ministers urged to pass bill protecting DEI whistleblowers,/world/2025/jul/13/uk-ministers-urged-to-pass-bill-protecting-dei-whistleblowers,2025-07-13,13:12:23
UK,The Guardian,https://www.theguardian.com,Charlotte Church joins unions and campaigners in opposing ban on Palestine Action,/politics/2025/jul/13/charlotte-church-joins-unions-and-campaigners-in-opposing-ban-on-palestine-action,2025-07-13,13:06:37
UK,The Guardian,https://www.theguardian.com,Family pay tribute to boy who died after going missing in West Midlands lake,/uk-news/2025/jul/13/family-pay-tribute-to-daniel-drewitt-who-died-after-going-missing-in-west-midlands-lake,2025-07-13,13:03:54
UK,The Guardian,https://www.theguardian.com,'It's very personal to me': Darren Jones on his £500m plan to fight child poverty,/politics/2025/jul/13/darren-jones-labour-treasury-chief-secretary-child-poverty-plan,2025-07-13,17:00:45
UK,The Guardian,https://www.theguardian.com,UK government announces £63m funding for EV charging infrastructure,/politics/2025/jul/13/uk-funding-ev-charging-infrastructure-electric-vehicles,2025-07-13,12:12:38
UK,The Guardian,https://www.theguardian.com,Wes Streeting to meet BMA as public support collapses for resident doctor strikes,/uk-news/2025/jul/12/public-support-for-resident-doctors-strikes-collapses-ahead-of-fresh-industrial-action,2025-07-13,11:23:54
UK,The Guardian,https://www.theguardian.com,Tom Dolphin: BMA's new chair who's taking on government despite bid to be Labour MP,/society/2025/jul/13/tom-dolphin-bmas-new-chair-whos-taking-on-government-despite-bid-to-be-labour-mp,2025-07-13,11:00:39
UK,The Guardian,https://www.theguardian.com,"Most people in France, Germany, Italy and Spain would support UK rejoining EU, poll finds",/politics/2025/jul/13/most-people-in-france-germany-italy-and-spain-would-support-uk-rejoining-eu-poll-finds,2025-07-13,09:00:35
UK,The Guardian,https://www.theguardian.com,Could AI be accelerating slowdown in the UK job market?,/business/2025/jul/13/could-ai-be-accelerating-slowdown-in-the-uk-job-market,2025-07-13,07:00:33
UK,The Guardian,https://www.theguardian.com,Crunching the data: are resident doctors in England badly paid?,/society/2025/jul/12/crunching-the-data-are-resident-doctors-in-england-badly-paid,2025-07-12,15:00:13
UK,The Guardian,https://www.theguardian.com,Fall in UK GDP puts focus back on expectations of tax rises in autumn budget,/business/2025/jul/11/fall-in-uk-gdp-puts-focus-back-on-expectations-of-tax-rises-in-autumn-budget,2025-07-11,08:07:21
UK,The Guardian,https://www.theguardian.com,Robert Jenrick's migrant returns advice is finally heeded - by a Labour PM,/uk-news/2025/jul/10/robert-jenrick-migrant-returns-advice-finally-heeded-labour-pm,2025-07-10,18:55:44
UK,The Guardian,https://www.theguardian.com,Is it time for a wealth tax on the super-rich? - podcast,/news/audio/2025/jul/10/is-it-time-for-a-wealth-tax-on-the-super-rich-podcast,2025-07-10,02:00:06
UK,The Guardian,https://www.theguardian.com,"More headaches for Labour: Send, strikes and small boats",/politics/audio/2025/jul/09/more-headaches-for-labour-send-strikes-and-small-boats,2025-07-09,16:27:38
UK,The Guardian,https://www.theguardian.com,Can we trust nuclear power again? - podcast,/news/audio/2025/jul/09/can-we-trust-nuclear-power-again-podcast,2025-07-09,02:00:37
UK,The Guardian,https://www.theguardian.com,Is Send the next battleground for Labour? - Politics Weekly UK,/politics/audio/2025/jul/07/is-send-the-next-battleground-for-labour-politics-weekly-uk,2025-07-07,13:45:13
UK,The Guardian,https://www.theguardian.com,Dinghies at dawn and a determination to arrive: on the French coast waiting to cross to UK,/uk-news/2025/jul/10/dinghies-at-dawn-determination-french-coast-channel-crossing,2025-07-10,18:29:59
UK,The Guardian,https://www.theguardian.com,'We are in a dangerous place': British Muslims on the fallout from 7/7 attack 20 years on,/uk-news/2025/jul/06/7-7-london-bombings-british-muslims-counter-terrorism-islamophobia,2025-07-06,05:00:30
UK,The Guardian,https://www.theguardian.com,From swim schools to eye clinics: how families of 7/7 victims used heartbreak to help others,/uk-news/2025/jul/06/positive-legacies-7-7-london-bombings,2025-07-06,05:00:29
UK,The Guardian,https://www.theguardian.com,'Truly awful': rival fans united in grief at Anfield after death of Diogo Jota,/uk-news/2025/jul/03/diogo-jota-death-rival-football-fans-grief-liverpool-anfield,2025-07-03,14:50:21
UK,The Guardian,https://www.theguardian.com,Quality of scientific papers questioned as academics 'overwhelmed' by the millions published,/science/2025/jul/13/quality-of-scientific-papers-questioned-as-academics-overwhelmed-by-the-millions-published,2025-07-13,13:00:42
UK,The Guardian,https://www.theguardian.com,"Resident doctors' 29% pay claim is non-negotiable, BMA chair says",/society/2025/jul/11/resident-doctors-29-pay-claim-is-non-negotiable-bma-chair-says,2025-07-11,04:00:09
UK,The Guardian,https://www.theguardian.com,Minority ethnic and deprived children more likely to die after UK intensive care admission,/society/2025/jul/10/minority-ethnic-and-deprived-children-more-likely-to-die-after-uk-intensive-care-admission,2025-07-10,22:30:50
UK,The Guardian,https://www.theguardian.com,"Trial UK and France 'one in, one out' scheme designed to curb migrant boat crossings to start within weeks - as it happened",/politics/live/2025/jul/10/keir-starmer-emmanuel-macron-tories-migration-france-kemi-badenoch-uk-politics-live-news,2025-07-10,17:15:08
UK,The Guardian,https://www.theguardian.com,Teach First job applicants will get in-person interviews after more apply using AI,/technology/2025/jul/13/graduates-teach-first-in-person-interviews-ai,2025-07-13,07:00:36
UK,The Guardian,https://www.theguardian.com,English councils urged to install pavement gullies for home charging of electric cars,/uk-news/2025/jul/12/english-councils-urged-to-install-pavement-gullies-for-home-charging-of-electric-cars,2025-07-12,21:30:21
UK,The Guardian,https://www.theguardian.com,'The Co-op won't defeat me': Brighton shop owners fight against eviction,/business/2025/jul/12/co-op-brighton-shop-owners-fight-against-eviction,2025-07-12,11:00:09
UK,The Guardian,https://www.theguardian.com,"Thames Water spent £136m on securing emergency funding, leaked document suggests",/business/2025/jul/12/thames-water-spent-136m-on-securing-emergency-funding-leaked-document-suggests,2025-07-12,10:00:07
UK,The Guardian,https://www.theguardian.com,Heat health alerts and hosepipe bans across England as third heatwave takes hold,/uk-news/2025/jul/11/heat-health-alerts-hosepipe-ban-england-third-heatwave,2025-07-11,11:47:53
UK,The Guardian,https://www.theguardian.com,"Step up restoration of ancient woodland before it is lost, Forestry England urged",/environment/2025/jul/11/step-up-restoration-ancient-woodland-before-lost-forestry-england,2025-07-11,10:24:04
UK,The Guardian,https://www.theguardian.com,Toxic Pfas above proposed safety limits in almost all English waters tested,/environment/2025/jul/11/toxic-pfas-above-proposed-safety-limits-in-almost-all-english-waters-tested,2025-07-11,09:00:53
UK,The Guardian,https://www.theguardian.com,The Beatles to Virginia Woolf: UK tree of the year shortlist is rooted in culture,/environment/2025/jul/11/beatles-virginia-woolf-uk-tree-of-the-year-shortlist-culture,2025-07-11,05:00:06
UK,The Guardian,https://www.theguardian.com,London artworks celebrating Windrush generation restored after vandalism,/uk-news/2025/jul/13/london-artworks-celebrating-windrush-generation-restored-after-vandalism,2025-07-13,07:00:34
UK,The Guardian,https://www.theguardian.com,Jeff Lynne cancels final live show over health concerns,/music/2025/jul/12/jeff-lynne-elo-cancels-final-live-show-health-concerns,2025-07-12,15:06:29
UK,The Guardian,https://www.theguardian.com,Manchester council tight-lipped on whether Kneecap to be dropped from Wythenshawe Park lineup,/music/2025/jul/12/kneecap-may-be-dropped-from-lineup-at-wythenshawe-park-in-manchester,2025-07-12,09:00:07
UK,The Guardian,https://www.theguardian.com,Liz Truss and hard-right group accused of scaremongering over Parthenon marbles,/culture/2025/jul/11/campaigners-parthenon-elgin-marbles-sculptures-return-greece-british-museum,2025-07-11,15:43:43
UK,The Guardian,https://www.theguardian.com,"UK and France agree pilot 'one in, one out' migrant returns scheme - video",/uk-news/video/2025/jul/10/uk-and-france-agree-pilot-one-in-one-out-migrant-returns-scheme-video,2025-07-10,17:50:16
UK,The Guardian,https://www.theguardian.com,Emmanuel Macron says Europeans will 'never abandon Ukraine' - video,/world/video/2025/jul/08/emmanuel-macron-says-europeans-will-never-abandon-ukraine-video,2025-07-08,21:35:17
UK,The Guardian,https://www.theguardian.com,CCTV shows Wagner Group arson attack on London warehouse - video,/global/video/2025/jul/08/cctv-shows-wagner-group-arson-attack-on-london-warehouse-video,2025-07-08,18:04:59
Europe,BBC,https://www.bbc.com/news,"Russia's agents killed after intelligence officer shot dead, says Ukraine",/articles/cj3r7p117l0o,2025-07-13,13:31:11
Europe,BBC,https://www.bbc.com/news,Gisèle Pelicot given France's highest award,/articles/cr5v1p4zel8o,2025-07-13,13:40:45
Europe,BBC,https://www.bbc.com/news,North Korea reaffirms support for Russia's war in Ukraine,/articles/czeyxrng6gro,2025-07-12,23:13:58
Europe,BBC,https://www.bbc.com/news,Kurdish PKK burns guns in cauldron in big step towards ending Turkey conflict,/articles/cyvj5v67ly9o,2025-07-11,14:27:19
Europe,BBC,https://www.bbc.com/news,'We're worried about our future': Srebrenica massacre's tensions still felt 30 years on,/articles/c4g2edzg2wlo,2025-07-11,00:27:06
Europe,BBC,https://www.bbc.com/news,"French prisoner escapes in fellow inmate's bag, officials say",/articles/cn81974j29po,2025-07-13,10:53:29
Europe,BBC,https://www.bbc.com/news,Watch: Smoke billows from luxury yacht fire in St Tropez,/videos/c4g85005q93o,2025-07-11,02:39:47
Europe,BBC,https://www.bbc.com/news,"US has resumed military supplies to Ukraine, Zelensky says",/articles/crl04200dp4o,2025-07-11,22:56:32
Europe,BBC,https://www.bbc.com/news,Swedish minister reveals teenage son linked to extremist groups,/articles/c0k7ek2xlndo,2025-07-10,17:47:49
Europe,BBC,https://www.bbc.com/news,"UK-France migrant deal 'robust' against legal challenges, Cooper says",/articles/cx24d70gw41o,2025-07-11,08:06:08
Europe,BBC,https://www.bbc.com/news,Original Birkin bag shatters record with £7m sale,/articles/cly8zvexp42o,2025-07-10,16:38:20
Europe,BBC,https://www.bbc.com/news,Deadly new Russian drone and missile attack hits Kyiv,/articles/cj3rvpe06rxo,2025-07-10,10:50:45
Europe,BBC,https://www.bbc.com/news,Ukrainian intelligence officer shot dead in Kyiv,/articles/cx2l8kwd13wo,2025-07-10,16:57:31
Europe,BBC,https://www.bbc.com/news,EU chief von der Leyen survives rare confidence vote,/articles/cm2zym677j2o,2025-07-10,13:01:26
Europe,BBC,https://www.bbc.com/news,Slovak rap festival featuring Kanye West called off,/articles/cn0qylvxqjqo,2025-07-10,11:55:15
Europe,BBC,https://www.bbc.com/news,Russia's intensifying drone war is spreading fear and eroding Ukrainian morale,/articles/c0m8gn7grn2o,2025-07-10,16:08:22
Europe,BBC,https://www.bbc.com/news,Starmer and Macron plead for patience in an impatient world,/articles/clynxqdr157o,2025-07-11,05:00:27
Europe,BBC,https://www.bbc.com/news,How many people cross the Channel in small boats?,/articles/c8xgkx20dyvo,2025-07-10,19:15:17
Europe,BBC,https://www.bbc.com/news,Steve Rosenberg: Moscow shrugs off Trump's irritation with Putin,/articles/c0epr9y0e84o,2025-07-09,14:20:48
Europe,BBC,https://www.bbc.com/news,Russia's summer push in Ukraine targets three fronts but faces stern resistance,/articles/c70rl6lk2yxo,2025-07-09,17:00:33
Europe,BBC,https://www.bbc.com/news,How King Charles will help rebuild the shaken UK-France friendship during the state visit,/articles/cyvjg41e6mzo,2025-07-07,23:01:10
Europe,BBC,https://www.bbc.com/news,Russian minister's death serves as warning to political elite,/articles/c0l49310z2go,2025-07-08,17:49:07
Europe,BBC,https://www.bbc.com/news,Rosenberg: Putin determined to press on despite threat of tougher sanctions,/videos/cz9kqe5v379o,2025-07-10,21:05:58
Europe,BBC,https://www.bbc.com/news,Migrants in Calais say they will stop at nothing to reach the UK,/videos/c89ekw0ne3jo,2025-07-10,13:58:58
Europe,BBC,https://www.bbc.com/news,Watch: Macron's day with the Royal Family,/videos/cx23ye3jxn3o,2025-07-08,21:30:01
Europe,BBC,https://www.bbc.com/news,Footballers and family lay flowers at funeral of Diogo Jota and André Silva,/videos/cvg1vlp1v0yo,2025-07-05,18:07:26
Europe,BBC,https://www.bbc.com/news,Watch: French police wade into sea to slash migrant 'taxi-boat',/videos/c1jwzzx5wr3o,2025-07-04,11:10:18
Europe,The Guardian,https://www.theguardian.com,Macron calls on EU to 'defend European interests resolutely' from Trump tariffs,/us-news/2025/jul/13/macron-calls-on-eu-to-defend-european-interests-resolutely-from-trump-tariffs,2025-07-13,14:40:29
Europe,The Guardian,https://www.theguardian.com,"'Now or never' to save replica of American revolutionary war vessel, say French campaigners",/world/2025/jul/13/french-ship-hermione-replica-funds-repair-american-war-independence,2025-07-13,13:16:58
Europe,The Guardian,https://www.theguardian.com,Rosie O'Donnell dismisses Trump's threat to revoke her US citizenship,/culture/2025/jul/13/rosie-odonnell-dismisses-donald-trump-threat-revoke-us-citizenship,2025-07-13,12:36:11
Europe,The Guardian,https://www.theguardian.com,Several people injured in second night of anti-migrant unrest in Spanish town,/world/2025/jul/13/several-people-injured-second-night-anti-migrant-unrest-torre-pacheco-spain,2025-07-13,12:01:56
Europe,The Guardian,https://www.theguardian.com,"Most people in France, Germany, Italy and Spain would support UK rejoining EU, poll finds",/politics/2025/jul/13/most-people-in-france-germany-italy-and-spain-would-support-uk-rejoining-eu-poll-finds,2025-07-13,09:00:35
Europe,The Guardian,https://www.theguardian.com,Ukraine must get ready for future in which there is no ceasefire with Russia,/world/2025/jul/13/dose-of-realism-would-allow-kyiv-to-focus-on-halting-russian-advance-ukraine,2025-07-13,16:22:10
Europe,The Guardian,https://www.theguardian.com,What if Ukraine falls? This is no longer a hypothetical question - and it must be answered urgently | Simon Tisdall,/commentisfree/2025/jul/13/ukraine-europe-donald-trump-nato,2025-07-13,05:00:30
Europe,The Guardian,https://www.theguardian.com,EU will be reeling over how to tackle trade talks after Trump's 30% tariff threat,/world/2025/jul/12/eu-will-be-reeling-over-how-to-tackle-trade-talks-after-trumps-30-tariff-threat,2025-07-12,16:08:08
Europe,The Guardian,https://www.theguardian.com,Collectors can fight to pay £7m for a Birkin - but the 'it' handbag is no longer cool | Lauren Cochrane,/commentisfree/2025/jul/12/fashion-jane-birkin-bag-prices,2025-07-12,10:00:08
Europe,The Guardian,https://www.theguardian.com,"Labour should raise national insurance in autumn budget, says Ed Balls - UK politics live",/politics/live/2025/jul/11/yvette-cooper-brexit-migrants-deal-macron-politics,2025-07-11,16:16:07
Europe,The Guardian,https://www.theguardian.com,"Trial UK and France 'one in, one out' scheme designed to curb migrant boat crossings to start within weeks - as it happened",/politics/live/2025/jul/10/keir-starmer-emmanuel-macron-tories-migration-france-kemi-badenoch-uk-politics-live-news,2025-07-10,17:15:08
Europe,The Guardian,https://www.theguardian.com,Macron's UK state visit underlines effort to move on from Brexit nightmare,/world/2025/jul/07/macron-uk-state-visit-move-on-brexit-nightmare,2025-07-07,04:00:03
Europe,The Guardian,https://www.theguardian.com,"Young Europeans losing faith in democracy, poll finds",/society/2025/jul/04/young-europeans-losing-faith-in-democracy-poll-finds,2025-07-04,04:00:09
Europe,The Guardian,https://www.theguardian.com,Original Birkin bag sells for record €8.6m in Paris auction - video,/global/video/2025/jul/10/original-birkin-bag-sells-for-record-86m-in-paris-auction-video,2025-07-10,19:32:22
Europe,The Guardian,https://www.theguardian.com,"UK and France agree pilot 'one in, one out' migrant returns scheme - video",/uk-news/video/2025/jul/10/uk-and-france-agree-pilot-one-in-one-out-migrant-returns-scheme-video,2025-07-10,17:50:16
Europe,The Guardian,https://www.theguardian.com,Russia bombards Kyiv in huge wave of strikes - video,/world/video/2025/jul/10/russia-bombards-kyiv-in-huge-wave-of-strikes-video,2025-07-10,10:13:46
Europe,The Guardian,https://www.theguardian.com,Inside the ghost museums of Ukraine: exhibits replaced by fragments of war and occupation,/world/ng-interactive/2025/jul/13/ukraine-in-depth-war-culture-museums-curators-historical-buildings-eastern-frontline-ilium-sviatohirsk,2025-07-13,04:00:29
Europe,The Guardian,https://www.theguardian.com,Ukraine war briefing: Kim Jong-un voices 'unconditional' support for Moscow as Russian foreign minister visits,/world/2025/jul/13/ukraine-war-briefing-kim-jong-un-voices-unconditional-support-for-moscow-as-russian-foreign-minister-visits,2025-07-13,02:02:49
Europe,The Guardian,https://www.theguardian.com,"Trump's 10% tariff on most UK goods 'here to stay', says Lord Mandelson",/us-news/2025/jul/12/trumps-10-tariff-on-most-uk-goods-here-to-stay-says-lord-mandelson,2025-07-12,21:00:19
US,The Guardian,https://www.theguardian.com,"Wildfires destroy historic lodge on Grand Canyon's North Rim, park says",/us-news/2025/jul/13/wildfires-destroy-grand-canyon-lodge-north-rim,2025-07-13,19:12:20
US,The Guardian,https://www.theguardian.com,"Trump wants to 'remake' Fema, not eliminate it, Kristi Noem says",/us-news/2025/jul/13/trump-remake-fema-kristi-noem,2025-07-13,16:40:37
US,The Guardian,https://www.theguardian.com,"Trump's latest tariffs 'are real' unless deals improve, economic adviser says",/us-news/2025/jul/13/trump-tariffs-eu-mexico-kevin-hassett,2025-07-13,16:13:23
US,The Guardian,https://www.theguardian.com,"Secret Service's 'cascade of failures' allowed Trump assassination attempt, report says",/us-news/2025/jul/13/trump-assassination-attempt-secret-service-report,2025-07-13,16:04:16
US,The Guardian,https://www.theguardian.com,Macron calls on EU to 'defend European interests resolutely' from Trump tariffs,/us-news/2025/jul/13/macron-calls-on-eu-to-defend-european-interests-resolutely-from-trump-tariffs,2025-07-13,14:40:29
US,The Guardian,https://www.theguardian.com,DoJ drops charges against Utah doctor accused of destroying Covid vaccines,/us-news/2025/jul/13/doj-utah-doctor-covid-vaccines,2025-07-13,14:01:43
US,The Guardian,https://www.theguardian.com,There was a deal to fix this Alabama community's raw sewage crisis. Trump tore it up over DEI,/us-news/2025/jul/13/alabama-raw-sewage-crisis-trump-dei,2025-07-13,11:00:38
US,The Guardian,https://www.theguardian.com,"Troops, terror and tears in Los Angeles as Ice raids show no sign of slowing",/us-news/2025/jul/13/los-angeles-ice-raids-terror,2025-07-13,11:00:38
US,The Guardian,https://www.theguardian.com,The Texas way: why the most disaster-prone US state is so allergic to preparing for disasters,/us-news/2025/jul/13/texas-disaster-weather-preparations-us,2025-07-13,11:00:37
US,The Guardian,https://www.theguardian.com,What if Ukraine falls? This is no longer a hypothetical question - and it must be answered urgently | Simon Tisdall,/commentisfree/2025/jul/13/ukraine-europe-donald-trump-nato,2025-07-13,05:00:30
US,The Guardian,https://www.theguardian.com,Has America learned anything from the George Floyd uprisings? | Eric Morrison-Smith and David Turner III,/commentisfree/2025/jul/13/has-america-learned-anything-from-the-george-floyd-uprisings,2025-07-13,11:00:39
US,The Guardian,https://www.theguardian.com,Fifa dispute with global players' union escalates over rest period decision,/football/2025/jul/13/fifa-mandatory-rest-periods-players-burnout,2025-07-13,15:32:10
US,The Guardian,https://www.theguardian.com,How the rightwing sports bro conquered America,/sport/ng-interactive/2025/jul/13/sports-bro-announcer-pat-mcafee-espn,2025-07-13,13:00:41
US,The Guardian,https://www.theguardian.com,When women fight: Taylor v Serrano and the meaning of choice in the ring,/sport/2025/jul/13/katie-taylor-amanda-serrano-trilogy-glory-risk,2025-07-13,09:00:36
US,The Guardian,https://www.theguardian.com,"The Cosmos return - with a new home, new league and old ideals",/football/2025/jul/13/new-york-cosmos-paterson-usl-return,2025-07-13,08:00:34
US,The Guardian,https://www.theguardian.com,Kash Patel denies rumors he's quitting the FBI over DoJ ruling on Epstein files,/us-news/2025/jul/12/kash-patel-fbi-doj-epstein,2025-07-12,23:44:47
US,The Guardian,https://www.theguardian.com,"David Gergen, ex-adviser to Republican and Democratic presidents, dies aged 83",/us-news/2025/jul/12/david-gergen-dies-aged-83,2025-07-12,22:48:39
US,The Guardian,https://www.theguardian.com,Donald Trump announces 30% tariffs on goods from the EU and Mexico,/us-news/2025/jul/12/trump-tariffs-eu-mexico,2025-07-12,14:56:04
US,The Guardian,https://www.theguardian.com,Obama's former press secretary recalls 'emotional' mood in White House after Trump win,/us-news/2025/jul/12/josh-earnest-obama-trump-win-nahj,2025-07-12,12:00:10
US,The Guardian,https://www.theguardian.com,Ferrero Rocher owner to buy cereal giant WK Kellogg in $3.1bn deal,/business/2025/jul/10/ferrero-rocher-kellogg-cereal-deal,2025-07-10,13:57:57
US,The Guardian,https://www.theguardian.com,US shoppers feel the heat of Trump's trade war: 'the prices are going up',/business/2025/jul/10/trump-tariffs-price-increase-shoppers,2025-07-10,09:00:15
US,The Guardian,https://www.theguardian.com,People in the US: are you delaying major life decisions under Trump's presidency?,/business/2025/jul/09/life-decisions-trump-reader-callout,2025-07-09,14:30:59
US,The Guardian,https://www.theguardian.com,Bank of England rolls out looser mortgage rules to help first-time buyers,/business/2025/jul/09/threat-of-trump-tariffs-puts-uk-businesses-at-risk-of-going-bust,2025-07-09,13:46:27
US,The Guardian,https://www.theguardian.com,"Funeral held for two men, including American-Palestinian, killed by Israeli settlers - video",/world/video/2025/jul/13/funeral-held-for-two-men-including-american-palestinian-killed-by-israeli-settlers-video,2025-07-13,12:30:54
US,The Guardian,https://www.theguardian.com,Protesters and US federal agents clash during immigration raid at California farm - video,/us-news/video/2025/jul/11/protesters-and-us-federal-agents-clash-during-immigration-raid-at-california-farm-video,2025-07-11,03:09:52
US,The Guardian,https://www.theguardian.com,Awkward silence after Trump praises English of Liberian president - video,/us-news/video/2025/jul/10/trump-liberia-president-joseph-boakai-english-video,2025-07-10,07:32:31
Canada,CBC,https://www.cbc.ca/news,He went missing on Vancouver Island. A whistle and a makeshift sledge got him home,/canada/british-columbia/missing-hiker-della-falls-dallin-beaumier-1.7583066?cmp=rss,2025-07-13,09:00:00
Canada,CBC,https://www.cbc.ca/news,"I was a new mother in a new country. When dark thoughts came, I was afraid to voice them",/canada/saskatchewan/first-person-mauritius-to-canada-postpartum-depression-1.7568538?cmp=rss,2025-07-13,04:00:00
Canada,CBC,https://www.cbc.ca/news,"Questions about attack in Quadeville, Ont., remain after police town hall, residents say",/canada/ottawa/quadeville-town-hall-1.7583847?cmp=rss,2025-07-12,04:10:25
Canada,CBC,https://www.cbc.ca/news,"A farmer protested policy at a Danielle Smith town hall. 5 days later, it was paused",/canada/calgary/danielle-smith-rancher-town-halls-analysis-1.7583074?cmp=rss,2025-07-13,04:00:00
Canada,CBC,https://www.cbc.ca/news,Toronto risks losing $30M in federal funding after vote against sixplexes citywide,/canada/toronto/toronto-sixplexes-federal-funding-1.7581867?cmp=rss,2025-07-13,04:00:00
Canada,CBC,https://www.cbc.ca/news,"Alleged impaired driver crashes with SUV carrying migrants in Quebec, say police",/canada/montreal/collision-hemmingford-dui-illegal-migrants-1.7583954?cmp=rss,2025-07-13,12:01:21
Canada,CBC,https://www.cbc.ca/news,"Halifax Explosion artifacts were pulled from the harbour last year. So, now what?",/canada/nova-scotia/mont-blanc-artifacts-halifax-explosion-halifax-shipyard-1.7578434?cmp=rss,2025-07-13,05:00:00
Canada,CBC,https://www.cbc.ca/news,"Crypto, bribes and fear: How ex-Olympian Ryan Wedding stays hidden",/world/fugitive-ryan-wedding-evade-arrest-1.7582749?cmp=rss,2025-07-13,04:01:00
Canada,CBC,https://www.cbc.ca/news,"Vaccination, immunity and records: Your questions on measles, answered",/health/measles-outbreak-vaccine-1.7583468?cmp=rss,2025-07-13,04:01:00
Canada,CBC,https://www.cbc.ca/news,Half of requests for complex dental work are being rejected under national insurance plan,/politics/dental-care-expansion-growing-pains-1.7583230?cmp=rss,2025-07-13,04:01:47
Canada,CBC,https://www.cbc.ca/news,"Musicians fight uphill battle as AI infiltrates streaming platforms, cutting into royalties",/entertainment/musicians-ai-bands-streaming-1.7581400?cmp=rss,2025-07-13,04:01:00
Canada,CBC,https://www.cbc.ca/news,"'As a farmer, it's depressing': Southwest Sask. sees less than 25% of normal rainfall in June",/canada/saskatchewan/june-national-drought-report-extreme-1.7582886?cmp=rss,2025-07-12,06:01:30
Canada,CBC,https://www.cbc.ca/news,Southern Manitoba choked by dangerously poor air quality for 2nd day in a row,/canada/manitoba/air-quality-events-cancelled-saturday-1.7583809?cmp=rss,2025-05-30,06:38:33
Canada,CBC,https://www.cbc.ca/news,26-year-old 'innocent bystander' killed in daylight Hamilton shooting: police,/canada/hamilton/innocent-bystander-killed-hamilton-shooting-1.7583851?cmp=rss,2025-07-12,17:33:01
Canada,CBC,https://www.cbc.ca/news,Toronto BIA warns business owners of 'point of sale' scam after thousands of dollars in thefts,/canada/toronto/beach-bia-warns-point-of-sale-scam-thousands-stolen-1.7583825?cmp=rss,2025-07-12,18:30:37
Canada,CBC,https://www.cbc.ca/news,Alberta's transgender ban in women's sports won't apply to out-of-province athletes,/canada/edmonton/alberta-transgender-ban-womens-sports-1.7583759?cmp=rss,2025-07-12,13:56:12
Canada,CBC,https://www.cbc.ca/news,Poilievre says he lost Ottawa riding for being 'honest' about plan to cut public sector jobs,/politics/poilievre-public-service-cuts-riding-loss-1.7583575?cmp=rss,2025-07-12,04:01:00
Canada,CBC,https://www.cbc.ca/news,Nearly one-third of forests in northeast B.C. could burn by year's end: province,/canada/british-columbia/a-third-of-prince-george-fire-centre-might-get-scorched-1.7583455?cmp=rss,2025-05-05,16:54:43
Canada,CBC,https://www.cbc.ca/news,Thousands of residents lose power in Happy Valley-Goose Bay outage,/canada/newfoundland-labrador/hvgb-power-outage-1.7583803?cmp=rss,2025-07-12,16:44:20
Canada,CBC,https://www.cbc.ca/news,"I came to Canada as an international student. It was a cold, hard road to achieving my dream",/canada/first-person-international-student-experience-in-canada-1.7577593?cmp=rss,2025-07-12,04:00:00
Southeast Asia,CNA,https://www.channelnewsasia.com,"SG60 It's Giving Fest kicks off two-day celebration with local singers Lullaboy, Tasha Low and even a surprise song from Tyler Ten",/entertainment/sg60-its-giving-fest-mediacorp-cloud-9-music-festival-5235431,2025-07-13,09:15:00
Southeast Asia,CNA,https://www.channelnewsasia.com,"At her mother-in-law's bedside, dementia sparked an unexpected bond: 'I felt closer to her than before'",/women/dementia-caregiver-mother-law-singapore-5226541,2025-07-13,05:03:26
Southeast Asia,CNA,https://www.channelnewsasia.com,"22 drivers nabbed for providing illegal ride-hailing services in Singapore, to and from Malaysia",/singapore/illegal-ride-hailing-services-singapore-malaysia-22-drivers-caught-lta-5235026,2025-07-12,20:03:00
Southeast Asia,CNA,https://www.channelnewsasia.com,"Out at 6pm, home by 11pm: Why alternative clubbing experiences are gaining popularity",/entertainment/singapore-day-parties-clubbing-nightlife-5226496,2025-07-12,07:23:48
Southeast Asia,CNA,https://www.channelnewsasia.com,Commentary: Did anyone really win the Great Eastern-OCBC standoff?,/commentary/great-eastern-delisting-fail-ocbc-minority-shareholders-vote-5233531,2025-07-12,06:00:00
Southeast Asia,CNA,https://www.channelnewsasia.com,ASEAN should 'double down' on its integration amid Trump tariff threat: Vivian Balakrishnan,/singapore/asean-should-double-down-its-integration-amid-trump-tariff-threat-vivian-balakrishnan-5233261,2025-07-11,20:40:00
Southeast Asia,CNA,https://www.channelnewsasia.com,"Singapore needs trusted media now more than ever, says PM Wong",/singapore/straits-times-government-funding-lawrence-wong-180-anniversary-5233396,2025-07-11,19:15:00
Southeast Asia,CNA,https://www.channelnewsasia.com,Man who killed 5-year-old daughter gets life sentence after appeal against 35-year jail term fails,/singapore/ayeesha-child-abuse-case-father-killed-daughter-gets-life-imprisonment-5233516,2025-07-11,18:40:00
Southeast Asia,CNA,https://www.channelnewsasia.com,OCBC Group CEO Helen Wong to step down end-2025; Tan Teck Long named successor,/singapore/ocbc-new-ceo-tan-teck-long-helen-wong-5233601,2025-07-11,18:15:00
Southeast Asia,CNA,https://www.channelnewsasia.com,Singapore's jewellery talent pool losing its shine despite market growth expectations,/singapore/jewellery-market-expected-grow-shrinking-craftsmen-pool-5233546,2025-07-11,17:54:04
Southeast Asia,CNA,https://www.channelnewsasia.com,Singapore's public cord blood bank faces donor shortage despite rise in awareness,/singapore/public-cord-blood-bank-donor-shortage-rise-awareness-5211326,2025-07-11,17:46:00
Southeast Asia,CNA,https://www.channelnewsasia.com,"Pizza Hut Singapore's Cheezy 7 is back, with a new creation inspired by Marvel's Fantastic Four",/dining/pizza-hut-cheezy-7-limited-edition-quadro-fantastic-four-marvel-5233006,2025-07-11,15:24:55
Southeast Asia,CNA,https://www.channelnewsasia.com,Plaque containing anti-smoking message installed at smoking samsui woman mural,/singapore/smoking-samsui-woman-mural-chinatown-plaque-message-moh-ura-5233156,2025-07-11,15:24:00
Southeast Asia,CNA,https://www.channelnewsasia.com,Sistic website crashes minutes before start of My Chemical Romance's ticket sales,/entertainment/sistic-website-crash-my-chemical-romance-singapore-concert-5233031,2025-07-11,14:18:21
Southeast Asia,CNA,https://www.channelnewsasia.com,Star Awards 2025: Chantalle Ng thanks fellow host Guo Liang for saving the day when she blanked out on stage,/entertainment/chantalle-ng-thanks-guo-liang-hosting-star-awards-2025-5233061,2025-07-11,12:40:18
Southeast Asia,CNA,https://www.channelnewsasia.com,"Nuclear safety research in Singapore boosted with S$66 million grant, new radiation-proof facility in NUS",/singapore/singapore-nuclear-research-facility-nus-snrsi-5231921,2025-07-11,11:37:00
Southeast Asia,CNA,https://www.channelnewsasia.com,Hong Kong star Jacky Cheung adds 3 more Singapore shows in November,/entertainment/hong-kong-cantopop-jacky-cheung-concert-5232901,2025-07-11,11:25:05
Southeast Asia,CNA,https://www.channelnewsasia.com,NDP tank that hit traffic light: MINDEF says technical fault was the first in its Leopard 2SG fleet,/singapore/tank-collide-traffic-light-ndp-leopard-2sg-technical-issue-5232976,2025-07-11,11:23:00
Southeast Asia,CNA,https://www.channelnewsasia.com,"Workshop owner gets jail, fine for illegally modifying motorcycles' exhaust",/singapore/jail-fine-workshop-owner-motorcycle-illegal-modification-exhaust-5232846,2025-07-11,10:46:00
Southeast Asia,CNA,https://www.channelnewsasia.com,'Fart walking' after a meal is the latest health trend - but does it actually work?,/wellness/fart-walking-after-dinner-health-benefits-5213501,2025-07-11,07:26:04
Southeast Asia,NST,https://www.nst.com.my/news,Man found dead in ravine classified as murder,/crime-courts/2025/07/1244348/man-found-dead-ravine-classified-murder,2025-07-14,00:12:36
Southeast Asia,NST,https://www.nst.com.my/news,Umno must not remain self-absorbed if it wants to win elections,/politics/2025/07/1244346/umno-must-not-remain-self-absorbed-if-it-wants-win-elections,2025-07-14,00:05:30
Southeast Asia,NST,https://www.nst.com.my/news,M'sia to send largest contingent to World Scout Moot in Portugal,/nation/2025/07/1244344/msia-send-largest-contingent-world-scout-moot-portugal,2025-07-13,23:57:51
Southeast Asia,NST,https://www.nst.com.my/news,DPM Fadillah pays courtesy call on Sabah governor,/nation/2025/07/1244336/dpm-fadillah-pays-courtesy-call-sabah-governor,2025-07-13,23:50:55
Southeast Asia,NST,https://www.nst.com.my/news,Ahmad Maslan: Unity government stable even if 9 PKR MPs turn independent,/nation/2025/07/1244331/ahmad-maslan-unity-government-stable-even-if-9-pkr-mps-turn-independent,2025-07-13,23:41:47
Southeast Asia,NST,https://www.nst.com.my/news,PH-BN combo can win big in Sabah polls - Umno sec-gen,/politics/2025/07/1244329/ph-bn-combo-can-win-big-sabah-polls-umno-sec-gen,2025-07-13,23:41:32
Southeast Asia,NST,https://www.nst.com.my/news,"Transport operators urged to embrace digitalisation, open payment system",/nation/2025/07/1244326/transport-operators-urged-embrace-digitalisation-open-payment-system,2025-07-13,23:20:17
Southeast Asia,NST,https://www.nst.com.my/news,Federal govt allocates RM8.79b to roll out 86 projects under 12MP in Sabah,/nation/2025/07/1244322/federal-govt-allocates-rm879b-roll-out-86-projects-under-12mp-sabah,2025-07-13,23:03:48
Southeast Asia,NST,https://www.nst.com.my/news,"15-year-old arrested for stealing black pepper sauce, mayonnaise worth RM41 in Jempol",/crime-courts/2025/07/1244320/15-year-old-arrested-stealing-black-pepper-sauce-mayonnaise-worth,2025-07-13,23:01:21
Southeast Asia,NST,https://www.nst.com.my/news,Unity government open to talks on expanded SST implementation,/nation/2025/07/1244318/unity-government-open-talks-expanded-sst-implementation,2025-07-13,22:43:46
Southeast Asia,NST,https://www.nst.com.my/news,MOHE strengthens cooperation with Indonesia,/nation/2025/07/1244316/mohe-strengthens-cooperation-indonesia,2025-07-13,22:40:23
Southeast Asia,NST,https://www.nst.com.my/news,"Sabah urged to resolve water, power supply issues for economic growth",/nation/2025/07/1244306/sabah-urged-resolve-water-power-supply-issues-economic-growth,2025-07-13,22:15:16
Southeast Asia,NST,https://www.nst.com.my/news,Fadillah to chair MA63 committee meeting in Sabah tomorrow,/nation/2025/07/1244304/fadillah-chair-ma63-committee-meeting-sabah-tomorrow,2025-07-13,22:01:01
Southeast Asia,NST,https://www.nst.com.my/news,Umno must accept reality that it can't go solo - Khaled,/politics/2025/07/1244298/umno-must-accept-reality-it-cant-go-solo-khaled,2025-07-13,21:38:11
Southeast Asia,NST,https://www.nst.com.my/news,DBKL boosts cleanliness efforts along Jalan Gallagher,/nation/2025/07/1244292/dbkl-boosts-cleanliness-efforts-along-jalan-gallagher,2025-07-13,21:27:21
Southeast Asia,NST,https://www.nst.com.my/news,"Today's news in pictures - Sunday, July 13, 2025",/nation/2025/07/1244287/todays-news-pictures-sunday-july-13-2025,2025-07-13,21:19:57
Southeast Asia,NST,https://www.nst.com.my/news,"Zahid to embark on working visit to New Zealand, focusing on bilateral ties",/nation/2025/07/1244278/zahid-embark-working-visit-new-zealand-focusing-bilateral-ties,2025-07-13,21:14:35
Southeast Asia,NST,https://www.nst.com.my/news,S'gor police open inquiry paper to identify crimes linked to eHATI,/crime-courts/2025/07/1244271/sgor-police-open-inquiry-paper-identify-crimes-linked-ehati,2025-07-13,20:58:36
Southeast Asia,NST,https://www.nst.com.my/news,Police tracking Kelantan drug syndicate members after RM5mil seizure,/crime-courts/2025/07/1244269/police-tracking-kelantan-drug-syndicate-members-after-rm5mil,2025-07-13,20:53:35
Southeast Asia,NST,https://www.nst.com.my/news,BN-PH seat talks for Sabah polls 98 per cent complete,/politics/2025/07/1244267/bn-ph-seat-talks-sabah-polls-98-cent-complete,2025-07-13,20:33:22
Southeast Asia,NST,https://www.nst.com.my/news,#NSTviral: Woman and dad find cockroach inside nasi lemak packet,/nst-viral/2025/07/1244263/nstviral-woman-and-dad-find-cockroach-inside-nasi-lemak-packet,2025-07-13,20:22:17
Southeast Asia,NST,https://www.nst.com.my/news,"RM50,000 reward for tip-offs in Penang Hill animal cruelty cases",/nation/2025/07/1244261/rm50000-reward-tip-offs-penang-hill-animal-cruelty-cases,2025-07-13,20:16:51
Southeast Asia,NST,https://www.nst.com.my/news,Dr M discharged from IJN,/nation/2025/07/1244259/dr-m-discharged-ijn,2025-07-13,20:11:12
Southeast Asia,NST,https://www.nst.com.my/news,"Cops weed out married couple in drug bust, seize 90kg of ganja",/crime-courts/2025/07/1244257/cops-weed-out-married-couple-drug-bust-seize-90kg-ganja,2025-07-13,20:05:18
Southeast Asia,NST,https://www.nst.com.my/news,"PKR to study calls for disciplinary investigation, suspension of nine MPs",/politics/2025/07/1244246/pkr-study-calls-disciplinary-investigation-suspension-nine-mps,2025-07-13,19:36:09
Southeast Asia,NST,https://www.nst.com.my/news,"Tunku Abdul Rahman, Tunku Abu Bakar's success makes Malaysia proud - PM",/nation/2025/07/1244244/tunku-abdul-rahman-tunku-abu-bakars-success-makes-malaysia-proud-pm,2025-07-13,19:04:06
Southeast Asia,NST,https://www.nst.com.my/news,Azalina: JAC Act not binding in judge appointment process,/nation/2025/07/1244242/azalina-jac-act-not-binding-judge-appointment-process,2025-07-13,19:03:16
Southeast Asia,NST,https://www.nst.com.my/news,"Photo of 'B-2' over Saratok sparks speculation, but CAAM says no such flight",/nation/2025/07/1244240/photo-b-2-over-saratok-sparks-speculation-caam-says-no-such-flight,2025-07-13,18:41:37
Science,Scientific American,https://www.scientificamerican.com/article,Elon Musk's New Grok 4 Takes on 'Humanity's Last Exam' as the AI Race Heats Up,/elon-musks-new-grok-4-takes-on-humanitys-last-exam-as-the-ai-race-heats-up/,2025-07-11,18:30:00
Science,Scientific American,https://www.scientificamerican.com/article,Marjorie Taylor Greene Plans Hearing on Geoengineering amid Cloud Seeding Conspiracy Theories,/marjorie-taylor-greene-plans-hearing-on-geoengineering-amid-cloud-seeding/,2025-07-11,15:30:00
Science,Scientific American,https://www.scientificamerican.com/article,Waste Wars Tracks the 'Wild Afterlife' of Garbage on an International Black Market,/waste-wars-tracks-the-wild-afterlife-of-garbage-on-an-international-black/,2025-07-11,12:00:00
Science,Scientific American,https://www.scientificamerican.com/article,ChatGPT Is Changing the Words We Use in Conversation,/chatgpt-is-changing-the-words-we-use-in-conversation/,2025-07-11,11:00:00
Science,Scientific American,https://www.scientificamerican.com/article,"We're Light-Years Away from True Artificial Intelligence, Says Murderbot Author Martha Wells",/were-light-years-away-from-true-artificial-intelligence-says-murderbot/,2025-07-11,11:00:00
Science,Scientific American,https://www.scientificamerican.com/article,Water on Mars Probably Doesn't Explain These Weird Streaks,/water-on-mars-probably-doesnt-explain-these-weird-streaks/,2025-07-11,10:45:00
Science,Scientific American,https://www.scientificamerican.com/article,Trump Names Transportation Secretary Sean Duffy as Interim NASA Chief,/trump-names-transportation-secretary-sean-duffy-as-interim-nasa-chief/,2025-07-10,16:45:00
Science,Scientific American,https://www.scientificamerican.com/article,Nanoplastics Make Up Most of the Ocean's Plastic Pollution,/nanoplastics-make-up-most-of-the-oceans-plastic-pollution/,2025-07-10,16:30:00
Science,Scientific American,https://www.scientificamerican.com/article,Extreme Heat Endangers AI Data Centers,/extreme-heat-endangers-ai-data-centers/,2025-07-10,16:00:00
Science,Scientific American,https://www.scientificamerican.com/article,Ancient Tooth Proteins Rewrite the Rhino Family Tree-Are Dinosaurs Next?,/ancient-tooth-proteins-rewrite-the-rhino-family-tree-are-dinosaurs-next/,2025-07-10,15:00:00
Science,Scientific American,https://www.scientificamerican.com/article,Can AI Replace Air Traffic Controllers to Reduce Airline Accidents?,/can-ai-replace-air-traffic-controllers-to-reduce-airline-accidents/,2025-07-10,14:00:00
Science,Scientific American,https://www.scientificamerican.com/article,Attacks on Higher Education Are Attacks on All Americans,/attacks-on-higher-education-are-attacks-on-all-americans/,2025-07-10,12:00:00
Science,Scientific American,https://www.scientificamerican.com/article,Four New Autism Subtypes Link Genes to Children's Traits,/four-new-autism-subtypes-link-genes-to-childrens-traits/,2025-07-10,11:00:00
Science,Scientific American,https://www.scientificamerican.com/article,'Science Fair' of Lost Research Protests Trump Cuts,/science-fair-of-lost-research-protests-trump-cuts/,2025-07-09,21:00:00
Science,Scientific American,https://www.scientificamerican.com/article,"Texas Floods Were a Known Risk, but Little Has Been Done for Protection",/texas-floods-were-a-known-risk-but-little-has-been-done-for-protection/,2025-07-09,16:00:00
Science,Scientific American,https://www.scientificamerican.com/article,Japan's New Undersea Earthquake Detection System Will Improve Tsunami Prediction,/japans-new-undersea-earthquake-detection-system-will-improve-tsunami/,2025-07-09,15:15:00
Science,Scientific American,https://www.scientificamerican.com/article,ChatGPT and Gemini AIs Have Uniquely Different Writing Styles,/chatgpt-and-gemini-ai-have-uniquely-different-writing-styles/,2025-07-09,12:00:00
Science,Scientific American,https://www.scientificamerican.com/article,"Gut Microbe Deficiency in U.S. Babies Tied to Asthma, Allergies, Autoimmune Disorders",/gut-microbe-deficiency-in-u-s-babies-tied-to-asthma-allergies-autoimmune/,2025-07-08,17:30:00
Science,Scientific American,https://www.scientificamerican.com/article,Flood Forecasts in Texas and Beyond Could Worsen with Trump NWS Cuts,/flood-forecasts-in-texas-and-beyond-could-worsen-with-trump-nws-cuts/,2025-07-08,16:30:00
Science,Scientific American,https://www.scientificamerican.com/article,Science Makes the U.S. a Great Nation,/science-makes-the-u-s-a-great-nation/,2025-07-08,14:00:00
Science,Scientific American,https://www.scientificamerican.com/article,Cutting-Edge Physics and Chemistry Now Unfold One Attosecond at a Time,/cutting-edge-physics-and-chemistry-now-unfold-one-attosecond-at-a-time/,2025-07-08,12:00:00
Science,Scientific American,https://www.scientificamerican.com/article,"Why Texas 'Flash Flood Alley' Is So Deadly, Explained by Geology",/why-texas-flash-flood-alley-is-so-deadly-explained-by-geology/,2025-07-07,20:40:00
Science,Scientific American,https://www.scientificamerican.com/article,The Benefits of Raising Conscientious Kids,/the-benefits-of-raising-conscientious-kids/,2025-07-07,20:00:00
Science,Scientific American,https://www.scientificamerican.com/article,Why Did Texas Flash Flood Waters Rise So Quickly?,/why-did-texas-flash-flood-waters-rise-so-quickly/,2025-07-07,16:00:00
Science,Scientific American,https://www.scientificamerican.com/article,Addiction Risk Shows up in Children's Brain Scans before Drug Use Starts,/addiction-risk-shows-up-in-childrens-brain-scans-before-drug-use-starts/,2025-07-07,15:15:00
Science,Scientific American,https://www.scientificamerican.com/article,Texas Flood Forecasts Were Accurate but Not Sufficient to Save Lives,/texas-flood-forecasts-were-accurate/,2025-07-07,15:00:00
Science,Scientific American,https://www.scientificamerican.com/article,Pulsing Magma in Earth's Mantle Drives Tectonic Plates Tearing Africa Apart,/pulsing-magma-in-earths-mantle-drives-tectonic-plates-tearing-africa-apart/,2025-07-07,10:30:00
Science,Scientific American,https://www.scientificamerican.com/article,Math's Block-Stacking Problem Has a Preposterous Solution,/maths-block-stacking-problem-has-a-preposterous-solution/,2025-07-06,11:00:00
Science,Scientific American,https://www.scientificamerican.com/article,"Climate Change's Fingerprints Came Early, a Thought Experiment Reveals",/climate-changes-fingerprints-came-early-a-thought-experiment-reveals/,2025-07-04,14:00:00
Science,Scientific American,https://www.scientificamerican.com/article,Workers Have Died in Extreme Heat as OSHA Has Debated Protections,/workers-have-died-in-extreme-heat-as-osha-has-debated-protections/,2025-07-04,12:00:00
Science,Scientific American,https://www.scientificamerican.com/article,Human Gut Bacteria Can Gather Up PFAS 'Forever Chemicals',/human-gut-bacteria-can-gather-up-pfas-forever-chemicals/,2025-07-04,11:30:00
Science,Scientific American,https://www.scientificamerican.com/article,Can Life Survive the Death of the Sun?,/can-life-survive-the-death-of-the-sun/,2025-07-04,10:45:00
Science,Scientific American,https://www.scientificamerican.com/article,Proof That Adult Brains Make New Neurons Settles Scientific Controversy,/proof-that-adult-brains-make-new-neurons-settles-scientific-controversy/,2025-07-03,19:30:00
Science,Scientific American,https://www.scientificamerican.com/article,"First Human Genome from Ancient Egypt Sequenced from 4,800-Year-Old Teeth",/first-human-genome-from-ancient-egypt-sequenced-from-4-800-year-old-teeth/,2025-07-03,18:00:00
Science,Scientific American,https://www.scientificamerican.com/article,How Massive Medicaid Cuts Will Harm People's Health,/how-massive-medicaid-cuts-will-harm-peoples-health/,2025-07-03,15:40:00
Science,Scientific American,https://www.scientificamerican.com/article,New Interstellar Object Comet 3I/ATLAS-What We Know So Far as It Zips through the Solar System,/new-interstellar-object-comet-3i-atlas-what-we-know-so-far-as-it-zips/,2025-07-03,15:15:00
Science,Scientific American,https://www.scientificamerican.com/article,Republicans' One Big Beautiful Bill Act Will Raise U.S. Climate Emissions,/republicans-one-big-beautiful-bill-act-will-raise-u-s-climate-emissions/,2025-07-03,14:50:00
Science,Scientific American,https://www.scientificamerican.com/article,Record-Breaking Results Bring Fusion Power Closer to Reality,/record-breaking-results-bring-fusion-power-closer-to-reality/,2025-07-03,12:00:00
Science,Scientific American,https://www.scientificamerican.com/article,How Trump's Federal Funding Cuts Are Hurting Early-Career Researchers and American Health,/how-trumps-federal-funding-cuts-are-hurting-early-career-researchers-and/,2025-07-03,11:00:00
Science,Scientific American,https://www.scientificamerican.com/article,AI Could Help Save Patients from Extreme Heat,/ai-could-help-save-patients-from-extreme-heat/,2025-07-02,15:15:00
Science,Scientific American,https://www.scientificamerican.com/article,Astronomers Found the Most Self-Destructive Planet in the Sky,/astronomers-found-the-most-self-destructive-planet-in-the-sky/,2025-07-02,15:00:00
Science,Scientific American,https://www.scientificamerican.com/article,China's Tianwen-3 Mission Could Beat the U.S. in the Race to Grab Mars Rocks,/chinas-tianwen-3-mission-could-beat-the-u-s-in-the-race-to-grab-mars-rocks/,2025-07-02,12:00:00
Science,Scientific American,https://www.scientificamerican.com/article,"For Dolphins, Echolocation May Be More Like 'Touching' Than 'Seeing'",/for-dolphins-echolocation-may-be-more-like-touching-than-seeing/,2025-07-02,10:45:00
Science,Scientific American,https://www.scientificamerican.com/article,4 Nonfiction Books Scientific American Recommended In June,/4-nonfiction-books-scientific-american-recommended-in-june/,2025-07-01,21:00:00
Science,Scientific American,https://www.scientificamerican.com/article,U.S. National Climate Assessments Website Goes Dark,/u-s-national-climate-assessments-website-goes-dark/,2025-07-01,16:00:00
Science,Scientific American,https://www.scientificamerican.com/article,Could China's New Ozempic-like Drugs Beat Out Current Weight-Loss Medications?,/could-chinas-new-ozempic-like-drugs-beat-out-current-weight-loss-medications/,2025-07-01,13:30:00
