affix_id,affix_class,affix_group,affix_name
50,CORE,ATTRIBUTES,ALL ATTRIBUTES
504,CORE,ATTRIBUTES,ATTUNEMENT
503,CORE,ATTRIBUTES,DEXTERITY
502,CORE,ATTRIBUTES,INTELLIGENCE
501,CORE,ATTRIBUTES,STRENGTH
505,CORE,ATTRIBUTES,VITALITY
78,OFFENSIVE,MELEE,MELEE COLD DAMAGE
62,OFFENSIVE,MELEE,MELEE CRITICAL STRIKE CHANCE
77,OFFENSIVE,MELEE,MELEE FIRE DAMAGE
79,OFFENSIVE,MELEE,MELEE LIGHTNING DAMAGE
63,OFFENSIVE,MELEE,MELEE PHYSICAL DAMAGE
76,OFFENSIVE,MELEE,MELEE VOID DAMAGE
2,OFFENSIVE,MELEE,MELEE ATTACK SPEED
89,OFFENSIVE,MELEE,MELEE DAMAGE
91,OFFENSIVE,MELEE,INCREASED STUN CHANCE WITH MELEE ATTACKS
671,OFFENSIVE,MELEE,INCREASED AREA FOR MELEE AREA SKILLS
943,OFFENSIVE,MELEE,ADDED MELEE AND SPELL NECROTIC DAMAGE
49,OFFENSIVE,SPELL,SPELL DAMAGE
4,OFFENSIVE,SPELL,CAST SPEED
84,OFFENSIVE,SPELL,SPELL CRITICAL STRIKE CHANCE
38,OFFENSIVE,SPELL,SPELL DAMAGE
88,OFFENSIVE,THROWING,THROWING DAMAGE
87,OFFENSIVE,THROWING,THROWING ATTACK SPEED
507,OFFENSIVE,THROWING,THROWING DAMAGE AND REDUCED MANA COST
431,OFFENSIVE,BOW,BOW DAMAGE
432,OFFENSIVE,BOW,BOW ATTACK SPEED
433,OFFENSIVE,BOW,BOW PHYSICAL DAMAGE
434,OFFENSIVE,BOW,BOW FIRE DAMAGE
669,OFFENSIVE,BOW,BOW LIGHTNING DAMAGE
670,OFFENSIVE,BOW,BOW COLD DAMAGE
672,OFFENSIVE,BOW,CRIT CHANCE AND BOW ATTACK SPEED
16,OFFENSIVE,DAMAGE TYPE,COLD DAMAGE
9,OFFENSIVE,DAMAGE TYPE,ELEMENTAL DAMAGE
12,OFFENSIVE,DAMAGE TYPE,FIRE DAMAGE
23,OFFENSIVE,DAMAGE TYPE,LIGHTNING DAMAGE
18,OFFENSIVE,DAMAGE TYPE,NECROTIC DAMAGE
93,OFFENSIVE,DAMAGE TYPE,NECROTIC PENETRATION
30,OFFENSIVE,DAMAGE TYPE,PHYSICAL DAMAGE
61,OFFENSIVE,DAMAGE TYPE,POISON DAMAGE
37,OFFENSIVE,DAMAGE TYPE,POISON PENETRATION
15,OFFENSIVE,DAMAGE TYPE,VOID DAMAGE
0,OFFENSIVE,DAMAGE TYPE,VOID PENETRATION
33,OFFENSIVE,DAMAGE TYPE,PHYSICAL PENETRATION
32,OFFENSIVE,DAMAGE TYPE,FIRE PENETRATION
35,OFFENSIVE,DAMAGE TYPE,COLD PENETRATION
39,OFFENSIVE,DAMAGE TYPE,LIGHTNING PENETRATION
100,OFFENSIVE,DAMAGE TYPE,ELEMENTAL DAMAGE OVER TIME
719,OFFENSIVE,DAMAGE TYPE,PHYSICAL PENETRATION AND MINION PHYSICAL PENETRATION
720,OFFENSIVE,DAMAGE TYPE,FIRE PENETRATION AND MINION FIRE PENETRATION
721,OFFENSIVE,DAMAGE TYPE,COLD PENETRATION AND MINION COLD PENETRATION
722,OFFENSIVE,DAMAGE TYPE,LIGHTNING PENETRATION AND MINION LIGHTNING PENETRATION
723,OFFENSIVE,DAMAGE TYPE,VOID PENETRATION AND MINION VOID PENETRATION
724,OFFENSIVE,DAMAGE TYPE,NECROTIC PENETRATION AND MINION NECROTIC PENETRATION
725,OFFENSIVE,DAMAGE TYPE,POISON PENETRATION AND MINION POISON PENETRATION
6,OFFENSIVE,GENERAL,CRITICAL STRIKE MULTIPLIER
5,OFFENSIVE,GENERAL,CRITICAL STRIKE CHANCE
72,OFFENSIVE,GENERAL,DAMAGE OVER TIME
58,OFFENSIVE,GENERAL,INCREASED STUN CHANCE
103,OFFENSIVE,GENERAL,DAMAGE WHILE CHANNELLING
101,OFFENSIVE,GENERAL,INCREASED AREA FOR AREA SKILLS
25,DEFENSIVE,HEALTH,ADDED HEALTH
52,DEFENSIVE,HEALTH,INCREASED HEALTH
36,DEFENSIVE,HEALTH,HYBRID HEALTH
825,DEFENSIVE,HEALTH,ADDED HEALTH AND ADDED HEALTH REGENERATION
41,DEFENSIVE,BLOCK,HEALTH GAINED ON BLOCK
3,DEFENSIVE,BLOCK,BLOCK CHANCE
81,DEFENSIVE,BLOCK,BLOCK EFFECTIVENESS
74,DEFENSIVE,BLOCK,DAMAGE TAKEN ON BLOCK
426,DEFENSIVE,BLOCK,BLOCK CHANCE AND EFFECTIVENESS
31,DEFENSIVE,RESISTANCE AND ARMOR,ADDED ARMOR
17,DEFENSIVE,RESISTANCE AND ARMOR,COLD RESISTANCE
80,DEFENSIVE,RESISTANCE AND ARMOR,ELEMENTAL RESISTANCE
13,DEFENSIVE,RESISTANCE AND ARMOR,FIRE RESISTANCE
24,DEFENSIVE,RESISTANCE AND ARMOR,LIGHTNING RESISTANCE
10,DEFENSIVE,RESISTANCE AND ARMOR,NECROTIC RESISTANCE
19,DEFENSIVE,RESISTANCE AND ARMOR,POISON RESISTANCE
7,DEFENSIVE,RESISTANCE AND ARMOR,VOID RESISTANCE
1,DEFENSIVE,RESISTANCE AND ARMOR,INCREASED ARMOR
46,DEFENSIVE,RESISTANCE AND ARMOR,ALL RESISTANCES
104,DEFENSIVE,RESISTANCE AND ARMOR,ALL RESISTANCES WHILE CHANNELLING
92,DEFENSIVE,RESISTANCE AND ARMOR,ENDURANCE
45,DEFENSIVE,RESISTANCE AND ARMOR,PHYSICAL RESISTANCE
425,DEFENSIVE,RESISTANCE AND ARMOR,ENDURANCE THRESHOLD
65,DEFENSIVE,POTION,INCREASED CHANCE TO FIND POTIONS
83,DEFENSIVE,POTION,POTION HEALTH CONVERTED TO WARD
66,DEFENSIVE,POTION,WARD GAINED ON POTION USE
82,DEFENSIVE,POTION,EXTRA POTION SLOT AND POTION HEALTH
67,DEFENSIVE,POTION,FREEZE RATE AND FREEZING CONCOCTION ON POTION USE
75,DEFENSIVE,POTION,WARD AND AILMENT CLEANSING ON POTION USE
8,DEFENSIVE,DODGE,ADDED DODGE RATING
59,DEFENSIVE,DODGE,INCREASED DODGE RATING
760,DEFENSIVE,DODGE,DODGE WHILE EVADING AND INCREASED DODGE RATING
20,DEFENSIVE,HEALTH RECOVERY,HEALTH ON KILL
44,DEFENSIVE,HEALTH RECOVERY,HEALTH ON MELEE HIT
90,DEFENSIVE,HEALTH RECOVERY,HEALTH REGEN PER SECOND
43,DEFENSIVE,HEALTH RECOVERY,INCREASED HEALING EFFECTIVENESS
22,DEFENSIVE,HEALTH RECOVERY,HEALTH REGENERATION
99,DEFENSIVE,WARD,WARD GAINED ON KILL
382,DEFENSIVE,WARD,WARD PER SECOND
824,DEFENSIVE,WARD,WARD PER SECOND AND WARD DECAY THRESHOLD
51,DEFENSIVE,STUN,STUN AVOLDANCE
29,DEFENSIVE,STUN,HEALTH AND STUN AVOIDANCE
427,DEFENSIVE,CRITICAL STRIKE AVOIDANCE,REDUCED BONUS DAMAGE TAKEN FROM CRITICAL STRIKES
715,DEFENSIVE,CRITICAL STRIKE AVOIDANCE,ARMOR AND REDUCED BONUS DAMAGE FROM CRITS
97,DEFENSIVE,CRITICAL STRIKE AVOIDANCE,CRITICAL STRIKE AVOIDANCE AND ADDED DODGE RATING
69,DEFENSIVE,LEECH,MELEE DAMAGE LEECHED AS HEALTH
40,DEFENSIVE,LEECH,INCREASED LEECH RATE
42,DEFENSIVE,LEECH,LIGHTNING DAMAGE AND LEECH
717,DEFENSIVE,PARRY,PARRY CHANCE
28,OTHER,MOVEMENT,MOVEMENT SPEED
27,OTHER,COOLDOWN,INCREASED COOLDOWN RECOVERY SPEED
96,OTHER,REFLECT,PERCENT DAMAGE REFLECTED
95,OTHER,REFLECT,DAMAGE REFLECTED TO ATTACKERS
34,OTHER,MANA,MANA
330,OTHER,MANA,MANA REGENERATION
331,OTHER,MANA,INCREASED MANA
506,OTHER,MANA,SPELL DAMAGE AND REDUCED MANA COST
718,OTHER,MANA,MANA AND MANA REGEN
759,OTHER,MANA,MANA AND MANA SPENT GAINED AS WARD
26,OTHER,MINION,MINION DAMAGE
71,OTHER,MINION,MINION DODGE RATING
70,OTHER,MINION,MINION HEALTH
73,OTHER,MINION,MINION HEALTH REGEN
98,OTHER,MINION,DAMAGE OVER TIME FOR MINIONS
64,OTHER,MINION,MINION MELEE AND BOW DAMAGE
102,OTHER,MINION,MINION SPELL AND BOW DAMAGE
643,OTHER,MINION,MINION MELEE AND SPELL DAMAGE
945,OTHER,MINION,MINION AREA AND DAMAGE
68,OTHER,AILMENTS,CHANCE TO INFLICT BLEED ON HIT
60,OTHER,AILMENTS,CHANCE TO BLIND ON HIT
56,OTHER,AILMENTS,CHANCE TO CHILL ON HIT
47,OTHER,AILMENTS,CHANCE TO CHILL ATTACKERS
55,OTHER,AILMENTS,CHANCE TO IGNITE ON HIT
54,OTHER,AILMENTS,CHANCE TO POISON ON HIT
85,OTHER,AILMENTS,CHANCE TO SHOCK ON HIT
94,OTHER,AILMENTS,CHANCE TO SHOCK ATTACKERS
57,OTHER,AILMENTS,CHANCE TO SLOW ON HIT
48,OTHER,AILMENTS,CHANCE TO SLOW ATTACKERS
11,OTHER,AILMENTS,FREEZE RATE MULTIPLIER
86,OTHER,AILMENTS,CHANCE TO SHRED ARMOR ON HIT
341,OTHER,AILMENTS,FREEZE RATE PER STACK OF CHILL
428,OTHER,AILMENTS,CHANCE TO APPLY FRAILTY ON MELEE HIT
429,OTHER,AILMENTS,CHANCE TO APPLY FRAILTY ON HIT
14,OTHER,AILMENTS,FREEZE RATE MULTIPLIER AND COLD RESISTANCE
384,CLASS SPECIFIC,ACOLYTE,MINION FREEZE RATE MULTIPLIER
401,CLASS SPECIFIC,ACOLYTE,PHYSICAL DAMAGE WHILE TRANSFORMED
402,CLASS SPECIFIC,ACOLYTE,NECROTIC DAMAGE WHILE TRANSFORMED
410,CLASS SPECIFIC,ACOLYTE,INCREASED SKELETAL MAGE DAMAGE
411,CLASS SPECIFIC,ACOLYTE,MANA GAINED ON HARVEST USE
412,CLASS SPECIFIC,ACOLYTE,HARVEST DAMAGE LEECHED AS HEALTH
413,CLASS SPECIFIC,ACOLYTE,DAMAGE TO MINIONS REFLECTED TO ATTACKERS
415,CLASS SPECIFIC,ACOLYTE,CHANCE TO GAIN 20 WARD ON KILL WITH HUNGERING SOULS
420,CLASS SPECIFIC,ACOLYTE,INCREASED SPELL DAMAGE PER SKELETAL MAGE
421,CLASS SPECIFIC,ACOLYTE,CHANCE TO APPLY DAMNED ON HIT
422,CLASS SPECIFIC,ACOLYTE,DAMAGE LEECHED AS HEALTH WHILE TRANSFORMED
423,CLASS SPECIFIC,ACOLYTE,REDUCED HEALTH COST OF SPELLS
424,CLASS SPECIFIC,ACOLYTE,PHYSICAL SPELL CRITICAL STRIKE CHANCE
435,CLASS SPECIFIC,ACOLYTE,CHANCE TO CAST MARROW SHARDS WHEN YOU CAST TRANSPLANT
747,CLASS SPECIFIC,ACOLYTE,CHANCE FOR 3 ADDITIONAL PROJECTILES WHEN YOU DIRECTLY CAST CHAOS BOLTS
748,CLASS SPECIFIC,ACOLYTE,INCREASED SPIRIT FREQUENCY WITH CHTHONIC FISSURE
749,CLASS SPECIFIC,ACOLYTE,SPELL DAMAGE FOR CURSES
404,CLASS SPECIFIC,ACOLYTE,SHARED INCREASED FIRE DAMAGE
405,CLASS SPECIFIC,ACOLYTE,SHARED INCREASED NECROTIC DAMAGE
406,CLASS SPECIFIC,ACOLYTE,SHARED BLEED CHANCE ON HIT
407,CLASS SPECIFIC,ACOLYTE,SHARED INCREASED BLEED DURATION
408,CLASS SPECIFIC,ACOLYTE,SHARED PHYSICAL PENETRATION WITH BLEED
409,CLASS SPECIFIC,ACOLYTE,SHARED PHYSICAL DAMAGE LEECHED AS HEALTH
414,CLASS SPECIFIC,ACOLYTE,POISON DAMAGE AND POISON RESISTANCE
416,CLASS SPECIFIC,ACOLYTE,INCREASED CRITICAL STRIKE CHANCE FOR YOU AND YOUR MINIONS
417,CLASS SPECIFIC,ACOLYTE,INCREASED PROJECTILE SPEED WITH MARROW SHARDS AND BONE NOVA
418,CLASS SPECIFIC,ACOLYTE,INCREASED DAMAGE WITH RIP BLOOD AND BLOOD SPLATTER
419,CLASS SPECIFIC,ACOLYTE,CRITICAL STRIKE CHANCE FOR SKELETONS AND SKELETAL MAGES
192,CLASS SPECIFIC,ACOLYTE,+1 SKELETON AND INCREASED SKELETON DAMAGE
572,CLASS SPECIFIC,ACOLYTE,LEVEL OF SUMMON SKELETON
573,CLASS SPECIFIC,ACOLYTE,LEVEL OF INFERNAL SHADE
574,CLASS SPECIFIC,ACOLYTE,LEVEL OF SACRIFICE
576,CLASS SPECIFIC,ACOLYTE,LEVEL OF AURA OF DECAY
577,CLASS SPECIFIC,ACOLYTE,LEVEL OF HUNGERING SOULS
578,CLASS SPECIFIC,ACOLYTE,LEVEL OF RIP BLOOD
579,CLASS SPECIFIC,ACOLYTE,LEVEL OF SUMMON WRAITH
580,CLASS SPECIFIC,ACOLYTE,LEVEL OF SUMMON BONE GOLEM
581,CLASS SPECIFIC,ACOLYTE,LEVEL OF WANDERING SPIRITS
582,CLASS SPECIFIC,ACOLYTE,LEVEL OF MARROW SHARDS
583,CLASS SPECIFIC,ACOLYTE,LEVEL OF TRANSPLANT
586,CLASS SPECIFIC,ACOLYTE,LEVEL OF SOUL FEAST
594,CLASS SPECIFIC,ACOLYTE,LEVEL OF HARVEST
607,CLASS SPECIFIC,ACOLYTE,LEVEL OF REAPER FORM
623,CLASS SPECIFIC,ACOLYTE,LEVEL OF SUMMON SKELETAL MAGE
632,CLASS SPECIFIC,ACOLYTE,LEVEL OF DRAIN LIFE
633,CLASS SPECIFIC,ACOLYTE,LEVEL OF ASSEMBLE ABOMINATION
634,CLASS SPECIFIC,ACOLYTE,LEVEL OF SPIRIT PLAGUE
635,CLASS SPECIFIC,ACOLYTE,LEVEL OF BONE CURSE
636,CLASS SPECIFIC,ACOLYTE,LEVEL OF DEATH SEAL
571,CLASS SPECIFIC,ACOLYTE,LEVEL OF DREAD SHADE
647,CLASS SPECIFIC,ACOLYTE,LEVEL OF SUMMON VOLATILE ZOMBIE
649,CLASS SPECIFIC,ACOLYTE,VOLATILE ZOMBIE SPEED AND DAMAGE
732,CLASS SPECIFIC,ACOLYTE,LEVEL OF PROFANE VEIL
733,CLASS SPECIFIC,ACOLYTE,LEVEL OF CHTHONIC FISSURE
734,CLASS SPECIFIC,ACOLYTE,LEVEL OF CHAOS BOLTS
735,CLASS SPECIFIC,ACOLYTE,LEVEL OF GHOSTFLAME
944,CLASS SPECIFIC,ACOLYTE,LEVEL OF FLAY
53,CLASS SPECIFIC,MAGE,DAMAGE DEALT TO MANA BEFORE HEALTH
339,CLASS SPECIFIC,MAGE,COLD PENETRATION WITH FROSTBITE
381,CLASS SPECIFIC,MAGE,INCREASED SPELL CRIT (DOUBLED IF YOU HAVE OVER 300 MAX MANA)
383,CLASS SPECIFIC,MAGE,SPELL DAMAGE WHILE CHANNELLING
385,CLASS SPECIFIC,MAGE,LIGHTNING CRITICAL STRIKE MULTIPLIER
386,CLASS SPECIFIC,MAGE,SPELL DAMAGE LEECHED AS HEALTH WHILE CHANNELLING
387,CLASS SPECIFIC,MAGE,CHANCE TO APPLY FROSTBITE ON HIT WITH COLD SKILLS
388,CLASS SPECIFIC,MAGE,COLD DAMAGE OVER TIME
389,CLASS SPECIFIC,MAGE,FIRE DAMAGE OVER TIME
390,CLASS SPECIFIC,MAGE,MELEE ELEMENTAL DAMAGE
391,CLASS SPECIFIC,MAGE,CHANCE TO IGNITE ON FIRE HIT
392,CLASS SPECIFIC,MAGE,CHANCE TO SHOCK ON HIT WITH LIGHTNING SKILLS
393,CLASS SPECIFIC,MAGE,CHANCE TO CAST FIRE AURA ON CRITICAL STRIKE (1 SECOND COOLDOWN)
394,CLASS SPECIFIC,MAGE,INCREASED FIRE AURA DAMAGE
395,CLASS SPECIFIC,MAGE,CHANCE TO GAIN LIGHTNING AEGIS WHEN HIT
396,CLASS SPECIFIC,MAGE,CHANCE TO CAST FIRE AURA WHEN HIT (1 SECOND COOLDOWN)
398,CLASS SPECIFIC,MAGE,CHANCE TO CAST FIRE AURA ON KILL FIRE SKILLS (1 SECOND COOLDOWN)
399,CLASS SPECIFIC,MAGE,CHANCE TO APPLY A SPARK CHARGE ON MELEE HIT
400,CLASS SPECIFIC,MAGE,MANA SPENT GAINED AS WARD
687,CLASS SPECIFIC,MAGE,WARD PER SECOND FOR YOU OR YOUR ALLIES WHILE STANDING ON YOUR GLYPH OF DOMINION
688,CLASS SPECIFIC,MAGE,INCREASED SPEED AND DISTANCE WITH FLAME RUSH
690,CLASS SPECIFIC,MAGE,CHANCE TO GAIN 20 MANA WHEN YOU DIRECTLY CAST RUNEBOLT OR FIREBALL
691,CLASS SPECIFIC,MAGE,WARD GAINED PER RUNE CONSUMED WITH RUNIC INVOCATION
397,CLASS SPECIFIC,MAGE,FLAME WARD CHARGE AND ADDED WARD
546,CLASS SPECIFIC,MAGE,LEVEL OF ELEMENTAL NOVA
547,CLASS SPECIFIC,MAGE,LEVEL OF MANA STRIKE
548,CLASS SPECIFIC,MAGE,FIREBALL PIERCE CHANCE
549,CLASS SPECIFIC,MAGE,LEVEL OF FIREBALL
550,CLASS SPECIFIC,MAGE,LEVEL OF GLACIER
551,CLASS SPECIFIC,MAGE,LEVEL OF METEOR
552,CLASS SPECIFIC,MAGE,LEVEL OF TELEPORT
553,CLASS SPECIFIC,MAGE,LEVEL OF VOLCANIC ORB
554,CLASS SPECIFIC,MAGE,LEVEL OF BLACK HOLE
556,CLASS SPECIFIC,MAGE,LEVEL OF STATIC ORB
557,CLASS SPECIFIC,MAGE,LEVEL OF LIGHTNING BLAST
575,CLASS SPECIFIC,MAGE,LEVEL OF FOCUS
584,CLASS SPECIFIC,MAGE,LEVEL OF FLAME REAVE
587,CLASS SPECIFIC,MAGE,LEVEL OF SNAP FREEZE
597,CLASS SPECIFIC,MAGE,LEVEL OF SHATTER STRIKE
598,CLASS SPECIFIC,MAGE,LEVEL OF ENCHANT WEAPON
624,CLASS SPECIFIC,MAGE,LEVEL OF STATIC
625,CLASS SPECIFIC,MAGE,LEVEL OF DISINTEGRATE
628,CLASS SPECIFIC,MAGE,LEVEL OF FLAME WARD
630,CLASS SPECIFIC,MAGE,LEVEL OF ARCANE ASCENDANCE
637,CLASS SPECIFIC,MAGE,LEVEL OF ICE BARRAGE
593,CLASS SPECIFIC,MAGE,LEVEL OF FIREBRAND
645,CLASS SPECIFIC,MAGE,LEVEL OF SURGE
680,CLASS SPECIFIC,MAGE,LEVEL OF FLAME RUSH
681,CLASS SPECIFIC,MAGE,LEVEL OF RUNEBOLT
682,CLASS SPECIFIC,MAGE,LEVEL OF RUNIC INVOCATION
683,CLASS SPECIFIC,MAGE,LEVEL OF FROSTWALL
684,CLASS SPECIFIC,MAGE,LEVEL OF GLYPH OF DOMINION
693,CLASS SPECIFIC,MAGE,PENETRATION WITH FIRE INVOCATIONS
694,CLASS SPECIFIC,MAGE,PENETRATION WITH COLD INVOCATIONS
695,CLASS SPECIFIC,MAGE,FROST WALL DURATION AND FROSTBITE CHANCE
696,CLASS SPECIFIC,MAGE,PENETRATION WITH LIGHTNING INVOCATIONS
709,CLASS SPECIFIC,MAGE,LEVEL OF FROST CLAW
21,CLASS SPECIFIC,PRIMALIST,SPELL DAMAGE WITH TEMPEST STRIKE
334,CLASS SPECIFIC,PRIMALIST,SPELL DAMAGE FOR TOTEMS
335,CLASS SPECIFIC,PRIMALIST,INCREASED COOLDOWN RECOVERY SPEED WHILE TRANSFORMED
336,CLASS SPECIFIC,PRIMALIST,MINION CRITICAL STRIKE MULTIPLIER
337,CLASS SPECIFIC,PRIMALIST,MINION SPELL CRITICAL STRIKE CHANCE
338,CLASS SPECIFIC,PRIMALIST,CRITICAL STRIKE MULTIPLIER WHILE TRANSFORMED
342,CLASS SPECIFIC,PRIMALIST,CAST SPEED FOR TOTEMS
346,CLASS SPECIFIC,PRIMALIST,MINION MELEE DAMAGE LEECHED AS HEALTH
347,CLASS SPECIFIC,PRIMALIST,MINION CHANCE TO INFLICT BLEED ON HIT
348,CLASS SPECIFIC,PRIMALIST,ADDED MINION MELEE CRIT CHANCE
349,CLASS SPECIFIC,PRIMALIST,MELEE DAMAGE WHILE TRANSFORMED
350,CLASS SPECIFIC,PRIMALIST,SPELL DAMAGE WHILE TRANSFORMED
351,CLASS SPECIFIC,PRIMALIST,DAMAGE OVER TIME WHILE TRANSFORMED
352,CLASS SPECIFIC,PRIMALIST,TOTEM CRITICAL STRIKE CHANCE
353,CLASS SPECIFIC,PRIMALIST,INCREASED ASPECT OF THE SHARK EFFECT
354,CLASS SPECIFIC,PRIMALIST,INCREASED ASPECT OF THE BOAR DURATION
355,CLASS SPECIFIC,PRIMALIST,INCREASED ASPECT OF THE VIPER EFFECT
356,CLASS SPECIFIC,PRIMALIST,INCREASED ASPECT OF THE LYNX EFFECT
357,CLASS SPECIFIC,PRIMALIST,TOTEM DAMAGE
648,CLASS SPECIFIC,PRIMALIST,SPELL DAMAGE FOR STORM CROWS
663,CLASS SPECIFIC,PRIMALIST,ARMOR SHRED CHANCE FOR LOCUSTS
665,CLASS SPECIFIC,PRIMALIST,CHANCE TO CREATE A SHOCKWAVE ON HIT WITH UPHEAVAL
666,CLASS SPECIFIC,PRIMALIST,INCREASED ATTACK AND CAST SPEED FOR SUMMONED VINES
667,CLASS SPECIFIC,PRIMALIST,CRITICAL STRIKE CHANCE WITH RAMPAGE
737,CLASS SPECIFIC,PRIMALIST,CHANCE TO GAIN A STORM STACK WHEN YOU USE GATHERING STORM AND HIT AN ENEMY
332,CLASS SPECIFIC,PRIMALIST,ARMOR AND MINION ARMOR
333,CLASS SPECIFIC,PRIMALIST,SHARED LIGHTNING DAMAGE
340,CLASS SPECIFIC,PRIMALIST,SHARED COLD DAMAGE
343,CLASS SPECIFIC,PRIMALIST,SHARED BLEED DURATION
344,CLASS SPECIFIC,PRIMALIST,SHARED INCREASED SPELL DAMAGE
345,CLASS SPECIFIC,PRIMALIST,SHARED INCREASED MELEE DAMAGE
539,CLASS SPECIFIC,PRIMALIST,LEVEL OF SWIPE
540,CLASS SPECIFIC,PRIMALIST,LEVEL OF SUMMON WOLF
541,CLASS SPECIFIC,PRIMALIST,LEVEL OF TORNADO
542,CLASS SPECIFIC,PRIMALIST,LEVEL OF FURY LEAP
543,CLASS SPECIFIC,PRIMALIST,LEVEL OF SUMMON THORN TOTEM
544,CLASS SPECIFIC,PRIMALIST,LEVEL OF SUMMON SPRIGGAN
545,CLASS SPECIFIC,PRIMALIST,LEVEL OF SUMMON FRENZY TOTEM
555,CLASS SPECIFIC,PRIMALIST,LEVEL OF SUMMON BEAR
558,CLASS SPECIFIC,PRIMALIST,LEVEL OF SERPENT STRIKE
559,CLASS SPECIFIC,PRIMALIST,LEVEL OF ENTANGLING ROOTS
585,CLASS SPECIFIC,PRIMALIST,LEVEL OF SUMMON STORM TOTEM
590,CLASS SPECIFIC,PRIMALIST,LEVEL OF SUMMON SABERTOOTH
591,CLASS SPECIFIC,PRIMALIST,LEVEL OF SUMMON SCORPION
595,CLASS SPECIFIC,PRIMALIST,LEVEL OF ETERRA'S BLESSING
599,CLASS SPECIFIC,PRIMALIST,LEVEL OF AVALANCHE
602,CLASS SPECIFIC,PRIMALIST,LEVEL OF WEREBEAR FORM
606,CLASS SPECIFIC,PRIMALIST,LEVEL OF SPRIGGAN FORM
621,CLASS SPECIFIC,PRIMALIST,LEVEL OF TEMPEST STRIKE
622,CLASS SPECIFIC,PRIMALIST,LEVEL OF GATHERING STORM
626,CLASS SPECIFIC,PRIMALIST,LEVEL OF MAELSTROM
627,CLASS SPECIFIC,PRIMALIST,LEVEL OF SUMMON RAPTOR
629,CLASS SPECIFIC,PRIMALIST,LEVEL OF EARTHQUAKE
644,CLASS SPECIFIC,PRIMALIST,LEVEL OF WARCRY
646,CLASS SPECIFIC,PRIMALIST,LEVEL OF SUMMON STORM CROW
660,CLASS SPECIFIC,PRIMALIST,LEVEL OF SWARMBLADE FORM
661,CLASS SPECIFIC,PRIMALIST,LEVEL OF UPHEAVAL
358,CLASS SPECIFIC,SENTINEL,PHYSICAL PENETRATION WITH BLEED
359,CLASS SPECIFIC,SENTINEL,MELEE PHYSICAL DAMAGE IF WIELDING A SWORD
363,CLASS SPECIFIC,SENTINEL,CHANCE TO INFLICT BLEED IF WIELDING AN AXE
364,CLASS SPECIFIC,SENTINEL,MELEE PHYSICAL DAMAGE IF WIELDING A MACE
365,CLASS SPECIFIC,SENTINEL,VOID DAMAGE TAKEN AS PHYSICAL
366,CLASS SPECIFIC,SENTINEL,NECROTIC DAMAGE TAKEN AS PHYSICAL
367,CLASS SPECIFIC,SENTINEL,POISON DAMAGE TAKEN AS PHYSICAL
368,CLASS SPECIFIC,SENTINEL,THROWING ATTACK CRITICAL STRIKE CHANCE
369,CLASS SPECIFIC,SENTINEL,CHANNEL COST
370,CLASS SPECIFIC,SENTINEL,INCREASED ARMOR SHRED EFFECT
371,CLASS SPECIFIC,SENTINEL,FIRE DAMAGE OVER TIME
372,CLASS SPECIFIC,SENTINEL,VOID DAMAGE OVER TIME
373,CLASS SPECIFIC,SENTINEL,INCREASED ECHO DAMAGE WHEN A SKILL ECHOES
374,CLASS SPECIFIC,SENTINEL,INCREASED ABYSSAL DECAY DURATION
375,CLASS SPECIFIC,SENTINEL,MANA GAINED WHEN YOU USE VENGEANCE AND HIT AT LEAST ONE ENEMY
376,CLASS SPECIFIC,SENTINEL,MANA GAINED WHEN YOU USE RIVE AND HIT AT LEAST ONE ENEMY
377,CLASS SPECIFIC,SENTINEL,MANA GAINED WHEN YOU DIRECTLY CAST SMITE
378,CLASS SPECIFIC,SENTINEL,INCREASED HAMMER THROW DAMAGE
379,CLASS SPECIFIC,SENTINEL,INCREASED SHIELD THROW CRITICAL STRIKE CHANCE
380,CLASS SPECIFIC,SENTINEL,INCREASED SMELTERS WRATH DAMAGE
655,CLASS SPECIFIC,SENTINEL,ADDED JAVELIN LIGHTNING THROWING DAMAGE
656,CLASS SPECIFIC,SENTINEL,ENDURANCE WHILE CHANNELLING WARPATH
764,CLASS SPECIFIC,SENTINEL,CHANCE TO ELECTRIFY WITH LIGHTNING SKILLS
765,CLASS SPECIFIC,SENTINEL,CHANCE TO INFLICT TIME ROT ON HIT WITH VOID SKILLS
360,CLASS SPECIFIC,SENTINEL,INCREASED PHYSICAL DAMAGE AND BLEED DURATION
361,CLASS SPECIFIC,SENTINEL,INCREASED FIRE DAMAGE AND IGNITE DURATION
362,CLASS SPECIFIC,SENTINEL,INCREASED VOID DAMAGE AND ADDED SPELL VOID DAMAGE
560,CLASS SPECIFIC,SENTINEL,LEVEL OF ANOMALY
561,CLASS SPECIFIC,SENTINEL,LEVEL OF WARPATH
562,CLASS SPECIFIC,SENTINEL,LEVEL OF DEVOURING ORB
563,CLASS SPECIFIC,SENTINEL,LEVEL OF RIVE
564,CLASS SPECIFIC,SENTINEL,LEVEL OF HAMMER THROW
565,CLASS SPECIFIC,SENTINEL,LEVEL OF SHIELD RUSH
566,CLASS SPECIFIC,SENTINEL,LEVEL OF VOLATILE REVERSAL
567,CLASS SPECIFIC,SENTINEL,LEVEL OF ABYSSAL ECHOES
568,CLASS SPECIFIC,SENTINEL,LEVEL OF ERASING STRIKE
569,CLASS SPECIFIC,SENTINEL,LEVEL OF VENGEANCE
570,CLASS SPECIFIC,SENTINEL,LEVEL OF SHIELD THROW
588,CLASS SPECIFIC,SENTINEL,LEVEL OF LUNGE
589,CLASS SPECIFIC,SENTINEL,LEVEL OF REBUKE
592,CLASS SPECIFIC,SENTINEL,LEVEL OF RING OF SHIELDS
596,CLASS SPECIFIC,SENTINEL,LEVEL OF JUDGEMENT
600,CLASS SPECIFIC,SENTINEL,LEVEL OF SYMBOLS OF HOPE
601,CLASS SPECIFIC,SENTINEL,LEVEL OF HOLY AURA
603,CLASS SPECIFIC,SENTINEL,LEVEL OF SMITE
604,CLASS SPECIFIC,SENTINEL,LEVEL OF MANIFEST ARMOR
605,CLASS SPECIFIC,SENTINEL,LEVEL OF FORGE STRIKE
631,CLASS SPECIFIC,SENTINEL,LEVEL OF SMELTER'S WRATH
639,CLASS SPECIFIC,SENTINEL,LEVEL OF SHIELD BASH
652,CLASS SPECIFIC,SENTINEL,LEVEL OF MULTISTRIKE
653,CLASS SPECIFIC,SENTINEL,LEVEL OF VOID CLEAVE
654,CLASS SPECIFIC,SENTINEL,LEVEL OF JAVELIN
726,CLASS SPECIFIC,SENTINEL,LEVEL OF HEALING HANDS
437,CLASS SPECIFIC,ROGUE,WARD GAINED WHEN YOU CREATE A SHADOW
439,CLASS SPECIFIC,ROGUE,INCREASED DAMAGE OF SKILLS USE BY SHADOWS
440,CLASS SPECIFIC,ROGUE,HEALTH GAINED ON GLANCING BLOW
442,CLASS SPECIFIC,ROGUE,DODGE RATING IF HIT RECENTLY
443,CLASS SPECIFIC,ROGUE,CHANCE TO GAIN CRIMSON SHROUD WHEN YOU USE A MELEE ATTACK THAT HITS
446,CLASS SPECIFIC,ROGUE,INCREASED CRITICAL STRIKE CHANCE PER EQUIPPED SWORD
448,CLASS SPECIFIC,ROGUE,INCREASED CRITICAL STRIKE CHANCE PER EQUIPPED DAGGER
449,CLASS SPECIFIC,ROGUE,CHANCE TO GAIN DUSK SHROUD WHEN HIT
451,CLASS SPECIFIC,ROGUE,BLEED CHANCE PER EQUIPPED SWORD
453,CLASS SPECIFIC,ROGUE,POISON CHANCE PER EQUIPPED DAGGER
454,CLASS SPECIFIC,ROGUE,CHANCE TO GAIN DUSK SHROUD WHEN YOU USE A MELEE ATTACK THAT HITS
457,CLASS SPECIFIC,ROGUE,ADDED PHYSICAL THROWING DAMAGE WHILE DUAL WIELDING
459,CLASS SPECIFIC,ROGUE,INCREASED DAMAGE WHILE WIELDING A SWORD
461,CLASS SPECIFIC,ROGUE,INCREASED DAMAGE WHILE WIELDING A DAGGER
463,CLASS SPECIFIC,ROGUE,INCREASED DAMAGE WHILE WIELDING A BOW
468,CLASS SPECIFIC,ROGUE,FIRE PENETRATION WITH IGNITE
469,CLASS SPECIFIC,ROGUE,INCREASED POISON DURATION
471,CLASS SPECIFIC,ROGUE,THROWING PHYSICAL DAMAGE
473,CLASS SPECIFIC,ROGUE,CHANCE TO SHRED ARMOR ON THROWING HIT
475,CLASS SPECIFIC,ROGUE,CHANCE TO SHRED ARMOR ON MELEE HIT
477,CLASS SPECIFIC,ROGUE,CHANCE TO SHRED ARMOR ON BOW HIT
479,CLASS SPECIFIC,ROGUE,INCREASED ARMOR SHRED EFFECT
481,CLASS SPECIFIC,ROGUE,INCREASED ARMOR SHRED DURATION
483,CLASS SPECIFIC,ROGUE,CHANCE TO IGNITE ON BOW HIT
485,CLASS SPECIFIC,ROGUE,CHANCE TO SLOW ON BOW HIT
487,CLASS SPECIFIC,ROGUE,PHYSICAL PENETRATION WITH SHADOW DAGGERS
489,CLASS SPECIFIC,ROGUE,Bow ELEMENTAL DAMAGE
494,CLASS SPECIFIC,ROGUE,CHANCE TO INFLICT BLEED ON BOW HIT
496,CLASS SPECIFIC,ROGUE,INCREASED AREA WITH CINDER STRIKE'S FIRST STRIKE
498,CLASS SPECIFIC,ROGUE,INCREASED CRIT CHANCE WITH FLURRY
500,CLASS SPECIFIC,ROGUE,PHYSICAL PENETRATION WITH PUNCTURE
509,CLASS SPECIFIC,ROGUE,INCREASED AREA WITH DETONATING ARROW
511,CLASS SPECIFIC,ROGUE,INCREASED DAMAGE PER ARROW WITH MULTISHOT
513,CLASS SPECIFIC,ROGUE,INCREASED HAIL OF ARROWS DURATION
515,CLASS SPECIFIC,ROGUE,INCREASED DAMAGE PER ACTIVE SHADOW WITH SHADOW CASCADE
517,CLASS SPECIFIC,ROGUE,CHANCE TO INFLICT BLEED ON HIT WITH SHURIKENS
521,CLASS SPECIFIC,ROGUE,INCREASED AREA WITH ACID FLASK
524,CLASS SPECIFIC,ROGUE,INCREASED AREA WITH DANCING STRIKES
526,CLASS SPECIFIC,ROGUE,MANA EFFICIENCY WITH SYNCHRONISED STRIKE
528,CLASS SPECIFIC,ROGUE,MANA EFFICIENCY WITH DECOY
530,CLASS SPECIFIC,ROGUE,WARD GAINED ON USE WITH SMOKE BOMB
532,CLASS SPECIFIC,ROGUE,WARD GAINED ON USE WITH SHIFT
762,CLASS SPECIFIC,ROGUE,RECURVE CHANCE WITH HEARTSEEKER
534,CLASS SPECIFIC,ROGUE,BLACK ARROWS DROPPED BY DARK QUIVER AND INCREASED BOW DAMAGE
536,CLASS SPECIFIC,ROGUE,MAX BALLISTA AND INCREASED BALLISTA ATTACK SPEED
537,CLASS SPECIFIC,ROGUE,MIRAGES AND MANA EFFICIENCY WITH LETHAL MIRAGE
608,CLASS SPECIFIC,ROGUE,LEVEL OF ACID FLASK
609,CLASS SPECIFIC,ROGUE,LEVEL OF SHADOW CASCADE
610,CLASS SPECIFIC,ROGUE,LEVEL OF FLURRY
611,CLASS SPECIFIC,ROGUE,LEVEL OF SHURIKENS
612,CLASS SPECIFIC,ROGUE,LEVEL OF DANCING STRIKES
613,CLASS SPECIFIC,ROGUE,LEVEL OF MULTISHOT
614,CLASS SPECIFIC,ROGUE,LEVEL OF PUNCTURE
615,CLASS SPECIFIC,ROGUE,LEVEL OF DECOY
616,CLASS SPECIFIC,ROGUE,LEVEL OF CINDER STRIKE
617,CLASS SPECIFIC,ROGUE,LEVEL OF DETONATING ARROW
618,CLASS SPECIFIC,ROGUE,LEVEL OF HAIL OF ARROWS
619,CLASS SPECIFIC,ROGUE,LEVEL OF SHIFT
620,CLASS SPECIFIC,ROGUE,LEVEL OF SYNCHRONIZED STRIKE
638,CLASS SPECIFIC,ROGUE,LEVEL OF DARK QUIVER
640,CLASS SPECIFIC,ROGUE,LEVEL OF BALLISTA
641,CLASS SPECIFIC,ROGUE,LEVEL OF LETHAL MIRAGE
642,CLASS SPECIFIC,ROGUE,LEVEL OF SMOKE BOMB
662,CLASS SPECIFIC,ROGUE,LEVEL OF UMBRAL BLADES
519,CLASS SPECIFIC,ROGUE,LIGHTNING DAMAGE WITH SHURIKENS
727,CLASS SPECIFIC,ROGUE,LEVEL OF FALCONRY
728,CLASS SPECIFIC,ROGUE,LEVEL OF DIVE BOMB
729,CLASS SPECIFIC,ROGUE,LEVEL OF EXPLOSIVE TRAP
730,CLASS SPECIFIC,ROGUE,LEVEL OF AERIAL ASSAULT
731,CLASS SPECIFIC,ROGUE,LEVEL OF NET
739,CLASS SPECIFIC,ROGUE,DAMAGE AND AREA WITH DIVE BOMB
761,CLASS SPECIFIC,ROGUE,LEVEL OF HEARTSEEKER
105,IDOLS,GENERAL IDOLS,HEALTH
107,IDOLS,GENERAL IDOLS,INCREASED HEALTH
108,IDOLS,GENERAL IDOLS,HEALTH REGENERATION
109,IDOLS,GENERAL IDOLS,MANA
110,IDOLS,GENERAL IDOLS,ARMOR
117,IDOLS,GENERAL IDOLS,ELEMENTAL RESISTANCE
111,IDOLS,GENERAL IDOLS,FIRE RESISTANCE
113,IDOLS,GENERAL IDOLS,LIGHTNING RESISTANCE
112,IDOLS,GENERAL IDOLS,COLD RESISTANCE
430,IDOLS,GENERAL IDOLS,PHYSICAL RESISTANCE
116,IDOLS,GENERAL IDOLS,POISON RESISTANCE
114,IDOLS,GENERAL IDOLS,NECROTIC RESISTANCE
115,IDOLS,GENERAL IDOLS,VOID RESISTANCE
118,IDOLS,GENERAL IDOLS,DODGE RATING
119,IDOLS,GENERAL IDOLS,DAMAGE OVER TIME
120,IDOLS,GENERAL IDOLS,CHANCE TO GAIN 30 WARD WHEN HIT
121,IDOLS,GENERAL IDOLS,INCREASED STUN CHANCE
122,IDOLS,GENERAL IDOLS,WARD ON POTION USE
123,IDOLS,GENERAL IDOLS,POTION HEALTH CONVERTED TO WARD
124,IDOLS,GENERAL IDOLS,VITALITY
134,IDOLS,GENERAL IDOLS,CRITICAL STRIKE CHANCE
135,IDOLS,GENERAL IDOLS,INCREASED HEALING EFFECTIVENESS
136,IDOLS,GENERAL IDOLS,STUN AVOIDANCE
137,IDOLS,GENERAL IDOLS,FREEZE RATE MULTIPLIER
138,IDOLS,GENERAL IDOLS,CHANCE TO INFLICT BLEED ON HIT
139,IDOLS,GENERAL IDOLS,CHANCE TO IGNITE ON HIT
140,IDOLS,GENERAL IDOLS,CHANCE TO POISON ON HIT
141,IDOLS,GENERAL IDOLS,CHANCE TO SHOCK ON HIT
142,IDOLS,GENERAL IDOLS,WARD RETENTION
143,IDOLS,GENERAL IDOLS,INCREASED STUN DURATION
106,IDOLS,GENERAL IDOLS,HEALTH ON KILL
319,IDOLS,GENERAL IDOLS,SHARED PHYSICAL DAMAGE
320,IDOLS,GENERAL IDOLS,SHARED LIGHTNING DAMAGE
321,IDOLS,GENERAL IDOLS,SHARED COLD DAMAGE
322,IDOLS,GENERAL IDOLS,SHARED FIRE DAMAGE
323,IDOLS,GENERAL IDOLS,SHARED VOID DAMAGE
324,IDOLS,GENERAL IDOLS,SHARED NECROTIC DAMAGE
325,IDOLS,GENERAL IDOLS,SHARED POISON DAMAGE
258,IDOLS,ACOLYTE IDOLS,POISON CHANCE WHILE AT LOW HEALTH
259,IDOLS,ACOLYTE IDOLS,DAMAGE OVER TIME WHILE AT LOW HEALTH
260,IDOLS,ACOLYTE IDOLS,CHANCE TO APPLY DAMNED ON HIT
261,IDOLS,ACOLYTE IDOLS,DAMAGE WHILE TRANSFORMED
262,IDOLS,ACOLYTE IDOLS,DAMAGE OVER TIME TAKEN WHILE TRANSFORMED
263,IDOLS,ACOLYTE IDOLS,DAMAGE LEECHED AS HEALTH WHILE TRANSFORMED
264,IDOLS,ACOLYTE IDOLS,REDUCED HEALTH COST OF SPELLS
265,IDOLS,ACOLYTE IDOLS,CHANCE TO CHILL WITH NECROTIC SKILLS
266,IDOLS,ACOLYTE IDOLS,INCREASED AURA OF DECAY AREA
268,IDOLS,ACOLYTE IDOLS,ARMOR GRANTED BY BONE ARMOR
269,IDOLS,ACOLYTE IDOLS,HEALING EFFECTIVENESS
284,IDOLS,ACOLYTE IDOLS,CHANCE TO FEAR ON HIT
285,IDOLS,ACOLYTE IDOLS,WARD RETENTION
286,IDOLS,ACOLYTE IDOLS,INCREASED MINION COOLDOWN RECOVERY SPEED
287,IDOLS,ACOLYTE IDOLS,MINION CHANCE TO APPLY MARK FOR DEATH ON HIT
288,IDOLS,ACOLYTE IDOLS,MINION CHANCE TO INFLICT PLAGUE ON HIT
289,IDOLS,ACOLYTE IDOLS,DAMAGE OVER TIME TAKEN
290,IDOLS,ACOLYTE IDOLS,CHANCE TO INFLICT BLEED ON PHYSICAL SPELL HIT
292,IDOLS,ACOLYTE IDOLS,SPELL DAMAGE WHILE AT LOW HEALTH
293,IDOLS,ACOLYTE IDOLS,MINION FIRE DAMAGE
294,IDOLS,ACOLYTE IDOLS,MINION COLD DAMAGE
295,IDOLS,ACOLYTE IDOLS,PHYSICAL SPELL CRITICAL STRIKE CHANCE
296,IDOLS,ACOLYTE IDOLS,POISON CHANCE ON SPELL HIT
303,IDOLS,ACOLYTE IDOLS,CHANCE TO CAST POISON NOVA WHEN HIT
304,IDOLS,ACOLYTE IDOLS,CHANCE FOR HUNGERING SOULS TO FIRE 6 ADDITIONAL PROJECTILES
308,IDOLS,ACOLYTE IDOLS,INCREASED COOLDOWN RECOVERY SPEED WITH TRANSPLANT
309,IDOLS,ACOLYTE IDOLS,NECROTIC SPELL DAMAGE PER SKELETAL MAGE
310,IDOLS,ACOLYTE IDOLS,WARD GAINED ON KILL
311,IDOLS,ACOLYTE IDOLS,CHANCE TO GAIN 20 WARD ON KILL WITH HUNGERING SOULS
315,IDOLS,ACOLYTE IDOLS,CHANCE FOR SUMMON WRAITH TO SUMMON A PUTRID WRAITH INSTEAD
316,IDOLS,ACOLYTE IDOLS,CHANCE FOR SUMMON WRAITH TO SUMMON A FLAME WRAITH INSTEAD
317,IDOLS,ACOLYTE IDOLS,CHANCE TO CAST MARROW SHARDS WHEN YOU CAST TRANSPLANT
318,IDOLS,ACOLYTE IDOLS,INCREASED POISON DAMAGE WHILE AURA OF DECAY IS ACTIVE
750,IDOLS,ACOLYTE IDOLS,SPELL DAMAGE FOR CURSES
751,IDOLS,ACOLYTE IDOLS,WARD PER SECOND WHILE CHANNELING GHOSTFLAME
752,IDOLS,ACOLYTE IDOLS,MANA EFFICIENCY WITH GHOSTFLAME
754,IDOLS,ACOLYTE IDOLS,INCREASED DURATION FOR PROFANE VEIL
755,IDOLS,ACOLYTE IDOLS,WARD PER SECOND DURING PROFANE VEIL
756,IDOLS,ACOLYTE IDOLS,INCREASED CAST SPEED WHILE CURSED
757,IDOLS,ACOLYTE IDOLS,INCREASED DAMAGE OVER TIME WHILE YOU HAVE AN AILMENT OVERLOAD
267,IDOLS,ACOLYTE IDOLS,HEALTH REGEN AND DAMAGE TAKEN OVER TIME
291,IDOLS,ACOLYTE IDOLS,PLAGUE CHANCE ON HIT AND PENETRATION
297,IDOLS,ACOLYTE IDOLS,CRITICAL STRIKE CHANCE FOR YOU AND YOUR MINIONS
302,IDOLS,ACOLYTE IDOLS,INCREASED PROJECTILE SPEED WITH MARROW SHARDS AND BONE NOVA
312,IDOLS,ACOLYTE IDOLS,INCREASED DAMAGE WITH RIP BLOOD AND BLOOD SPLATTER
313,IDOLS,ACOLYTE IDOLS,CRITICAL STRIKE CHANCE FOR SKELETONS AND SKELETAL MAGES
314,IDOLS,ACOLYTE IDOLS,DAMAGE REFLECTED FOR SKELETONS AND SKELETAL MAGES
650,IDOLS,ACOLYTE IDOLS,VOLATILE ZOMBIE DAMAGE AND EXPLOSION AREA
753,IDOLS,ACOLYTE IDOLS,MANA EFFICIENCY AND WITHER CHANCE WITH SOUL FEAST
941,IDOLS,ACOLYTE IDOLS,WARD PER SECOND AND INCREASED HEALTH
155,IDOLS,MAGE IDOLS,SPELL DAMAGE LEECHED WHILE CHANNELLING
165,IDOLS,MAGE IDOLS,DAMAGE OVER TIME TAKEN WHILE CHANNELLING
166,IDOLS,MAGE IDOLS,CHANCE TO APPLY FROSTBITE WITH COLD SKILLS
174,IDOLS,MAGE IDOLS,FROSTBITE DURATION
176,IDOLS,MAGE IDOLS,COLD DAMAGE OVER TIME
177,IDOLS,MAGE IDOLS,FIRE DAMAGE OVER TIME
178,IDOLS,MAGE IDOLS,WARD PER SECOND
175,IDOLS,MAGE IDOLS,CHANCE TO GAIN 20 WARD ON MELEE HIT
179,IDOLS,MAGE IDOLS,MELEE ELEMENTAL DAMAGE
180,IDOLS,MAGE IDOLS,CHANCE TO IGNITE ON FIRE HIT
181,IDOLS,MAGE IDOLS,CHANCE TO SHOCK WITH LIGHTNING SKILLS
182,IDOLS,MAGE IDOLS,FIRE PENETRATION WITH IGNITE
183,IDOLS,MAGE IDOLS,COLD PENETRATION WITH FROSTBITE
184,IDOLS,MAGE IDOLS,INCREASED SHOCK DURATION
185,IDOLS,MAGE IDOLS,CRITICAL STRIKE CHANCE WITH LIGHTNING SKILLS
186,IDOLS,MAGE IDOLS,MELEE FIRE DAMAGE
187,IDOLS,MAGE IDOLS,MELEE LIGHTNING DAMAGE
188,IDOLS,MAGE IDOLS,MELEE COLD DAMAGE
189,IDOLS,MAGE IDOLS,SPELL FIRE DAMAGE
190,IDOLS,MAGE IDOLS,SPELL LIGHTNING DAMAGE
191,IDOLS,MAGE IDOLS,SPELL COLD DAMAGE
237,IDOLS,MAGE IDOLS,SECONDS OF STUN IMMUNITY AFTER USING TELEPORT
238,IDOLS,MAGE IDOLS,CHANCE TO CAST FIRE AURA ON CRITICAL STRIKE (1 SECOND COOLDOWN)
239,IDOLS,MAGE IDOLS,INCREASED ELEMENTAL NOVA AREA
240,IDOLS,MAGE IDOLS,INCREASED FIRE AURA DAMAGE
241,IDOLS,MAGE IDOLS,STATIC CHARGES GENERATED PER SECOND
242,IDOLS,MAGE IDOLS,INCREASED CAST SPEED WHILE YOU HAVE LIGHTNING AEGIS
243,IDOLS,MAGE IDOLS,CHANCE TO GAIN LIGHTNING AEGIS WHEN HIT
244,IDOLS,MAGE IDOLS,WARD GRANTED WHEN CASTING FLAME WARD
245,IDOLS,MAGE IDOLS,CHANCE TO CAST ELEMENTAL NOVA WHEN HIT
247,IDOLS,MAGE IDOLS,CHANCE TO CAST FIRE AURA WHEN HIT (1 SECOND COOLDOWN)
248,IDOLS,MAGE IDOLS,INCREASED FIRE AURA AREA
249,IDOLS,MAGE IDOLS,WARD GAINED WHEN DAMAGE LEAVES YOU AT LOW HEALTH (5 SECOND COOLDOWN)
250,IDOLS,MAGE IDOLS,DAMAGE REFLECTED WHILE YOU HAVE LIGHTNING AEGIS
251,IDOLS,MAGE IDOLS,CHANCE TO CAST LIGHTNING BLAST WHEN HIT WHILE YOU HAVE LIGHTNING AEGIS
252,IDOLS,MAGE IDOLS,INCREASED LIGHTNING DAMAGE WHILE YOU HAVE LIGHTNING AEGIS
253,IDOLS,MAGE IDOLS,CHANCE TO CAST FIRE AURA ON KILL WITH FIRE SKILLS (1 SECOND COOLDOWN)
254,IDOLS,MAGE IDOLS,INCREASED LIGHTNING DAMAGE (DOUBLED IF YOU HAVE OVER 300 MAX MANA)
255,IDOLS,MAGE IDOLS,INCREASED COLD DAMAGE (DOUBLED IF YOU HAVE OVER 300 MAX MANA)
256,IDOLS,MAGE IDOLS,INCREASED FIRE DAMAGE (DOUBLED IF YOU HAVE OVER 300 MAX MANA)
327,IDOLS,MAGE IDOLS,CHANCE TO APPLY A SPARK CHARGE ON MELEE HIT
328,IDOLS,MAGE IDOLS,MANA SPENT GAINED AS WARD
651,IDOLS,MAGE IDOLS,INCREASED COOLDOWN RECOVERY SPEED FOR SURGE
657,IDOLS,MAGE IDOLS,ADDED STATIC ORB TENDRILS
685,IDOLS,MAGE IDOLS,ELEMENTAL BEES PER 10 SECONDS
686,IDOLS,MAGE IDOLS,WARD PER SECOND FOR YOU OR YOUR ALLIES WHILE STANDING ON YOUR GLYPH OF DOMINION
689,IDOLS,MAGE IDOLS,INCREASED AREA FOR ELEMENTAL AREA SKILLS
692,IDOLS,MAGE IDOLS,WARD GAINED PER RUNE CONSUMED WITH RUNIC INVOCATION
129,IDOLS,MAGE IDOLS,MANA AND ARMOR
167,IDOLS,MAGE IDOLS,IGNITE AND SPREADING FLAMES DURATION
246,IDOLS,MAGE IDOLS,INCREASED VOLCANIC ORB DAMAGE AND REDUCED SPEED
697,IDOLS,MAGE IDOLS,FROST WALL FIRE CONVERSION
716,IDOLS,MAGE IDOLS,FROST CLAW MANA EFFICIENCY AND ELEMENTAL PENETRATION
125,IDOLS,PRIMALIST IDOLS,ELEMENTAL RESISTANCE WHILE TRANSFORMED
126,IDOLS,PRIMALIST IDOLS,CHANCE TO INFLICT BLEED ON COLD HIT
131,IDOLS,PRIMALIST IDOLS,TOTEM ARMOR
130,IDOLS,PRIMALIST IDOLS,TOTEM HEALTH
132,IDOLS,PRIMALIST IDOLS,HEALTH REGEN WHILE TRANSFORMED
133,IDOLS,PRIMALIST IDOLS,TOTEM ELEMENTAL RESISTANCE
144,IDOLS,PRIMALIST IDOLS,CAST SPEED FOR TOTEMS
145,IDOLS,PRIMALIST IDOLS,MINION DODGE RATING
146,IDOLS,PRIMALIST IDOLS,MINION MELEE DAMAGE LEECHED AS HEALTH
147,IDOLS,PRIMALIST IDOLS,MINION MELEE ATTACK SPEED
148,IDOLS,PRIMALIST IDOLS,INCREASED MINION COOLDOWN RECOVERY SPEED
149,IDOLS,PRIMALIST IDOLS,MINION INCREASED HEALING EFFECTIVENESS
150,IDOLS,PRIMALIST IDOLS,INCREASED MINION MELEE STUN CHANCE
151,IDOLS,PRIMALIST IDOLS,MINION CRITICAL STRIKE CHANCE
152,IDOLS,PRIMALIST IDOLS,MINION CHANCE TO INFLICT BLEED ON HIT
153,IDOLS,PRIMALIST IDOLS,MINION CHANCE TO POISON ON HIT
154,IDOLS,PRIMALIST IDOLS,MINION MELEE CRITICAL STRIKE CHANCE
156,IDOLS,PRIMALIST IDOLS,MELEE DAMAGE WHILE TRANSFORMED
157,IDOLS,PRIMALIST IDOLS,SPELL DAMAGE WHILE TRANSFORMED
158,IDOLS,PRIMALIST IDOLS,DAMAGE OVER TIME WHILE TRANSFORMED
159,IDOLS,PRIMALIST IDOLS,CRITICAL STRIKE MULTIPLIER WHILE TRANSFORMED
163,IDOLS,PRIMALIST IDOLS,CHANCE TO APPLY FROSTBITE ON HIT WITH COLD SKILLS
164,IDOLS,PRIMALIST IDOLS,CRITICAL STRIKE CHANCE FOR TOTEMS
213,IDOLS,PRIMALIST IDOLS,CHANCE TO GAIN HASTE FOR 3 SECONDS WHEN YOU SUMMON A TOTEM
214,IDOLS,PRIMALIST IDOLS,CHANCE ON 10 OR MORE MANA SPENT TO CAST LIGHTNING AT A NEARBY ENEMY
215,IDOLS,PRIMALIST IDOLS,CHANCE ON KILL TO REFRESH RANDOM COMPANION ABILITY
216,IDOLS,PRIMALIST IDOLS,BEES PER 10 SECONDS
217,IDOLS,PRIMALIST IDOLS,CHANCE TO CHILL NEARBY ENEMIES WHEN YOU USE A SKILL THAT COSTS AT LEAST 20 MANA
218,IDOLS,PRIMALIST IDOLS,CHANCE ON HIT TO SUMMON A THORN TOTEM (UP TO 3 TIMES PER 5 SECONDS)
219,IDOLS,PRIMALIST IDOLS,MANA GAINED WHEN TRANSFORMING BACK TO HUMAN FORM
220,IDOLS,PRIMALIST IDOLS,INCREASED FREQUENCY OF EXPENDING STORM STACKS
221,IDOLS,PRIMALIST IDOLS,CHANCE TO CAST MAELSTROM EVERY 3 SECONDS
222,IDOLS,PRIMALIST IDOLS,CHANCE TO CAST HEALING NOVA WHEN HIT
223,IDOLS,PRIMALIST IDOLS,CHANCE TO CREATE AN AFTERSHOCK UNDER A NEARBY ENEMY ON MELEE ATTACK
224,IDOLS,PRIMALIST IDOLS,CHANCE TO CAST AN AVALANCHE BOULDER AT A NEARBY ENEMY ON SPELL CAST (UP TO 3 TIMES PER SECOND)
225,IDOLS,PRIMALIST IDOLS,CHANCE TO CAST AN AVALANCHE BOULDER AT A NEARBY ENEMY ON MELEE ATTACK (UP TO 3 TIMES PER SECOND)
226,IDOLS,PRIMALIST IDOLS,INCREASED ASPECT OF THE SHARK EFFECT
227,IDOLS,PRIMALIST IDOLS,INCREASED ASPECT OF THE SHARK DURATION
228,IDOLS,PRIMALIST IDOLS,INCREASED ASPECT OF THE BOAR EFFECT
229,IDOLS,PRIMALIST IDOLS,INCREASED ASPECT OF THE BOAR DURATION
230,IDOLS,PRIMALIST IDOLS,INCREASED ASPECT OF THE VIPER EFFECT
231,IDOLS,PRIMALIST IDOLS,INCREASED ASPECT OF THE VIPER DURATION
232,IDOLS,PRIMALIST IDOLS,INCREASED ASPECT OF THE LYNX EFFECT
233,IDOLS,PRIMALIST IDOLS,INCREASED ASPECT OF THE LYNX DURATION
234,IDOLS,PRIMALIST IDOLS,INCREASED SPELL DAMAGE IF YOU HAVE AN ACTIVE TOTEM
235,IDOLS,PRIMALIST IDOLS,INCREASED COLD DAMAGE PER ACTIVE TOTEM
236,IDOLS,PRIMALIST IDOLS,CHANCE ON MELEE KILL TO HEAL A RANDOM MINION TO FULL HEALTH
329,IDOLS,PRIMALIST IDOLS,TOTEM DAMAGE
160,IDOLS,PRIMALIST IDOLS,CHANCE TO INFLICT BLEED ON MELEE HIT FOR YOU AND YOUR MINIONS
161,IDOLS,PRIMALIST IDOLS,BLEED DURATION FOR YOU AND YOUR MINIONS
162,IDOLS,PRIMALIST IDOLS,CRITICAL STRIKE AVOIDANCE FOR YOU AND YOUR MINIONS
168,IDOLS,PRIMALIST IDOLS,CRITICAL STRIKE CHANCE WITH LIGHTNING SKILLS FOR YOU AND YOUR MINIONS
169,IDOLS,PRIMALIST IDOLS,COLD AND LIGHTNING DAMAGE
170,IDOLS,PRIMALIST IDOLS,SPELL DAMAGE FOR YOU AND YOUR MINIONS
171,IDOLS,PRIMALIST IDOLS,MELEE DAMAGE FOR YOU AND YOUR MINIONS
172,IDOLS,PRIMALIST IDOLS,PHYSICAL AND POISON DAMAGE
173,IDOLS,PRIMALIST IDOLS,DAMAGE OVER TIME FOR YOU AND YOUR MINIONS
664,IDOLS,PRIMALIST IDOLS,MELEE PHYSICAL DAMAGE FOR SWARM STRIKE AND LOCUSTS
736,IDOLS,PRIMALIST IDOLS,LESS FREQUENCY OF STORM STACKS AND ADDED DAMAGE WITH STORM BOLT
257,IDOLS,PRIMALIST IDOLS,ENDURANCE THRESHOLD AND INCREASED HEALTH
127,IDOLS,SENTINEL IDOLS,FIRE DAMAGE OVER TIME
128,IDOLS,SENTINEL IDOLS,INCREASED BLEED DURATION
193,IDOLS,SENTINEL IDOLS,PHYSICAL DAMAGE OVER TIME
194,IDOLS,SENTINEL IDOLS,CHANCE TO BLIND WITH SPELLS
195,IDOLS,SENTINEL IDOLS,MANA EFFICIENCY WITH VOID SPELLS
196,IDOLS,SENTINEL IDOLS,ARMOR
197,IDOLS,SENTINEL IDOLS,BLOCK EFFECTIVENESS
198,IDOLS,SENTINEL IDOLS,CHANCE TO SHRED ARMOR ON HIT
199,IDOLS,SENTINEL IDOLS,THROWING ATTACK CRITICAL STRIKE MULTIPLIER
200,IDOLS,SENTINEL IDOLS,INCREASED STUN CHANCE WITH THROWING ATTACKS
201,IDOLS,SENTINEL IDOLS,INCREASED TIME ROT DURATION
202,IDOLS,SENTINEL IDOLS,FIRE DAMAGE TAKEN AS PHYSICAL
203,IDOLS,SENTINEL IDOLS,LIGHTNING DAMAGE TAKEN AS PHYSICAL
204,IDOLS,SENTINEL IDOLS,COLD DAMAGE TAKEN AS PHYSICAL
205,IDOLS,SENTINEL IDOLS,FIRE PENETRATION WITH MELEE ATTACKS
206,IDOLS,SENTINEL IDOLS,CHANCE TO SHRED ARMOR ON HIT WITH FIRE SKILLS
207,IDOLS,SENTINEL IDOLS,CHANCE TO SLOW WITH VOID SKILLS
208,IDOLS,SENTINEL IDOLS,CHANCE TO INFLICT BLEED WHILE AT HIGH HEALTH
209,IDOLS,SENTINEL IDOLS,CHANCE TO IGNITE WHILE AT HIGH HEALTH
211,IDOLS,SENTINEL IDOLS,CHANCE TO SHRED ARMOR ON MELEE HIT
212,IDOLS,SENTINEL IDOLS,CHANCE TO SHRED ARMOR ON HIT WITH THROWING ATTACKS
270,IDOLS,SENTINEL IDOLS,INCREASED WARPATH AREA
271,IDOLS,SENTINEL IDOLS,CHANCE TO INFLICT TIME ROT ON HIT
272,IDOLS,SENTINEL IDOLS,CHANCE TO CAST VOID RIFT ON KILL
273,IDOLS,SENTINEL IDOLS,CHANCE TO CREATE A VOID ESSENCE ON KILL
274,IDOLS,SENTINEL IDOLS,INCREASED AREA OF VOID CLEAVE
275,IDOLS,SENTINEL IDOLS,CHANCE TO CAST DIVINE BOLT WHEN YOU USE A 0 COST SKILL
276,IDOLS,SENTINEL IDOLS,CHANCE TO CAST SMITE WHEN YOU HIT WITH THROWING ATTACKS (UP TO 10 TIMES PER 2 SECONDS)
277,IDOLS,SENTINEL IDOLS,HEALTH GAINED WHEN STUNNED
278,IDOLS,SENTINEL IDOLS,INCREASED ECHO DAMAGE WHEN A SKILL ECHOES
279,IDOLS,SENTINEL IDOLS,INCREASED VOID DAMAGE FOR 4 SECONDS WHEN A SKILL ECHOES
280,IDOLS,SENTINEL IDOLS,INCREASED MELEE DAMAGE FOR 4 SECONDS WHEN A SKILL ECHOES
281,IDOLS,SENTINEL IDOLS,CHANCE TO GAIN INSPIRATION ON KILLS WITH VOID SKILLS
282,IDOLS,SENTINEL IDOLS,INCREASED DAMAGE FOR 4 SECONDS IF YOU HAVE CAST DEVOURING ORB RECENTLY
283,IDOLS,SENTINEL IDOLS,ABYSSAL DECAY DURATION
299,IDOLS,SENTINEL IDOLS,CHANCE FOR +30 THROWING FIRE DAMAGE WITH SHIELD THROW
300,IDOLS,SENTINEL IDOLS,SHIELD THROW BASE DAMAGE CONVERTED TO VOID
301,IDOLS,SENTINEL IDOLS,LIGHTNING DAMAGE WITH HAMMER THROW
326,IDOLS,SENTINEL IDOLS,MELEE VOID DAMAGE
403,IDOLS,SENTINEL IDOLS,VOID DAMAGE OVER TIME
658,IDOLS,SENTINEL IDOLS,PERCENT MISSING HEALTH RESTORED ON LUNGE
659,IDOLS,SENTINEL IDOLS,CHANCE FOR ADDITIONAL MULTISTRIKE SWORDS
210,IDOLS,SENTINEL IDOLS,DAMAGE REFLECTED FOR YOU AND YOUR MINIONS
305,IDOLS,SENTINEL IDOLS,CRITICAL STRIKE MULTIPLIER WITH RIVE AND JUDGEMENT
306,IDOLS,SENTINEL IDOLS,INCREASED AREA WITH RIVE AND FORGE STRIKE
307,IDOLS,SENTINEL IDOLS,INCREASED DAMAGE WITH VENGEANCE AND SMITE
298,IDOLS,SENTINEL IDOLS,SYMBOL DURATION AND GAIN RATE
436,IDOLS,ROGUE IDOLS,WARD GAINED WHEN YOU CREATE A SHADOW
438,IDOLS,ROGUE IDOLS,INCREASED DAMAGE TO SKILLS USED BY SHADOWS
441,IDOLS,ROGUE IDOLS,DODGE RATING IF HIT RECENTLY
444,IDOLS,ROGUE IDOLS,INCREASED BOW ATTACK SPEED FOR 3 SECONDS WHEN YOU USE A BOW ATTACK (10 SECOND COOLDOWN)
445,IDOLS,ROGUE IDOLS,INCREASED CRITICAL STRIKE CHANCE PER EQUIPPED SWORD
447,IDOLS,ROGUE IDOLS,INCREASED CRITICAL STRIKE CHANCE PER EQUIPPED DAGGER
450,IDOLS,ROGUE IDOLS,BLEED CHANCE PER EQUIPPED SWORD
452,IDOLS,ROGUE IDOLS,POISON CHANCE PER EQUIPPED DAGGER
455,IDOLS,ROGUE IDOLS,HEALTH GAINED ON DODGE
456,IDOLS,ROGUE IDOLS,CRITICAL STRIKE MULTIPLIER WHILE DUAL WIELDING
458,IDOLS,ROGUE IDOLS,INCREASED DAMAGE WHILE WIELDING A SWORD
460,IDOLS,ROGUE IDOLS,INCREASED DAMAGE WHILE WIELDING A DAGGER
462,IDOLS,ROGUE IDOLS,INCREASED DAMAGE WHILE WIELDING A BOW
464,IDOLS,ROGUE IDOLS,PHYSICAL PENETRATION WHILE WIELDING A DAGGER
465,IDOLS,ROGUE IDOLS,FIRE PENETRATION WHILE WIELDING A DAGGER
466,IDOLS,ROGUE IDOLS,PHYSICAL DAMAGE OVER TIME
467,IDOLS,ROGUE IDOLS,FIRE PENETRATION WITH IGNITE
470,IDOLS,ROGUE IDOLS,THROWING PHYSICAL DAMAGE
472,IDOLS,ROGUE IDOLS,CHANCE TO SHRED ARMOR ON THROWING HIT
474,IDOLS,ROGUE IDOLS,CHANCE TO SHRED ARMOR ON MELEE HIT
476,IDOLS,ROGUE IDOLS,CHANCE TO SHRED ARMOR ON BOW HIT
478,IDOLS,ROGUE IDOLS,INCREASED ARMOR SHRED EFFECT
480,IDOLS,ROGUE IDOLS,INCREASED ARMOR SHRED DURATION
482,IDOLS,ROGUE IDOLS,CHANCE TO IGNITE ON BOW HIT
484,IDOLS,ROGUE IDOLS,CHANCE TO SLOW ON BOW HIT
486,IDOLS,ROGUE IDOLS,PHYSICAL PENETRATION WITH SHADOW DAGGERS
488,IDOLS,ROGUE IDOLS,BOW ELEMENTAL DAMAGE
490,IDOLS,ROGUE IDOLS,THROWING DAMAGE
491,IDOLS,ROGUE IDOLS,BOW DAMAGE
492,IDOLS,ROGUE IDOLS,BOW CRITICAL STRIKE CHANCE
493,IDOLS,ROGUE IDOLS,CHANCE TO INFLICT BLEED ON BOW HIT
495,IDOLS,ROGUE IDOLS,INCREASED AREA WITH CINDER STRIKE'S FIRST ATTACK
497,IDOLS,ROGUE IDOLS,INCREASED CRIT CHANCE WITH FLURRY
499,IDOLS,ROGUE IDOLS,PHYSICAL PENETRATION WITH PUNCTURE
508,IDOLS,ROGUE IDOLS,INCREASED AREA WITH DETONATING ARROW
510,IDOLS,ROGUE IDOLS,INCREASED DAMAGE PER ARROW WITH MULTISHOT
512,IDOLS,ROGUE IDOLS,INCREASED DURATION WITH HAIL OF ARROWS
514,IDOLS,ROGUE IDOLS,INCREASED DAMAGE PER ACTIVE SHADOW WITH SHADOW CASCADE
516,IDOLS,ROGUE IDOLS,CHANCE TO INFLICT BLEED ON HIT WITH SHURIKENS
520,IDOLS,ROGUE IDOLS,INCREASED AREA WITH ACID FLASK
522,IDOLS,ROGUE IDOLS,CHANCE TO SUMMON A BEE WITH ACID FLASK
523,IDOLS,ROGUE IDOLS,INCREASED AREA WITH DANCING STRIKES
525,IDOLS,ROGUE IDOLS,MANA EFFICIENCY WITH SYNCHRONISED STRIKE
527,IDOLS,ROGUE IDOLS,MANA EFFICIENCY WITH DECOY
529,IDOLS,ROGUE IDOLS,WARD GAINED ON USE WITH SMOKE BOMB
531,IDOLS,ROGUE IDOLS,WARD GAINED ON USE WITH SHIFT
535,IDOLS,ROGUE IDOLS,BOW PHYSICAL DAMAGE FOR BALLISTAE
538,IDOLS,ROGUE IDOLS,INCREASED AREA OF MIRAGE ATTACKS WITH LETHAL MIRAGE
668,IDOLS,ROGUE IDOLS,INCREASED DAMAGE WITH UMBRAL BLADES PER STACK OF DUSK SHROUD
738,IDOLS,ROGUE IDOLS,THROWING DAMAGE WITH CALTROPS
742,IDOLS,ROGUE IDOLS,CHANCE TO APPLY CRITICAL VULNERABILITY ON HIT WITH CALTROPS
744,IDOLS,ROGUE IDOLS,CHANCE TO DEAL DOUBLE DAMAGE WITH FALCON STRIKES
746,IDOLS,ROGUE IDOLS,INCREASED AREA FOR THROWING AREA SKILLS
533,IDOLS,ROGUE IDOLS,BLACK ARROWS DROPPED BY DARK QUIVER AND INCREASED BOW DAMAGE
518,IDOLS,ROGUE IDOLS,LIGHTNING DAMAGE WITH SHURIKENS
740,IDOLS,ROGUE IDOLS,ROGUE FALCON POISON AND BLEED CHANCE
741,IDOLS,ROGUE IDOLS,ROGUE CALTROPS AREA AND ARMOR SHRED
743,IDOLS,ROGUE IDOLS,SHARED CRITICAL STRIKE MULTIPLIER
745,IDOLS,ROGUE IDOLS,EXPLOSIVE TRAP MAXIMUM AND THROWING SPEED
763,IDOLS,ROGUE IDOLS,ROGUE RECURVE CHANCE AND BOW DAMAGE
942,IDOLS,ROGUE IDOLS,DODGE RATING AND INCREASED HEALTH
826,IDOLS,WEAVER IDOLS,INCREASED DAMAGE OVER TIME AND LESS DAMAGE OVER TIME TAKEN
827,IDOLS,WEAVER IDOLS,DODGE RATING AND INCREASED DODGE RATING
828,IDOLS,WEAVER IDOLS,INCREASED HEALTH REGENERATION AND ADDED HEALTH
829,IDOLS,WEAVER IDOLS,INCREASED HEALING EFFECTIVENESS AND ADDED HEALTH
830,IDOLS,WEAVER IDOLS,INCREASED STUN CHANCE AND ADDED STUN AVOIDANCE
831,IDOLS,WEAVER IDOLS,VOID PENETRATION AND MINION VOID PENETRATION
832,IDOLS,WEAVER IDOLS,POISON PENETRATION AND MINION POISON PENETRATION
833,IDOLS,WEAVER IDOLS,PHYSICAL PENETRATION AND MINION PHYSICAL PENETRATION
834,IDOLS,WEAVER IDOLS,NECROTIC PENETRATION AND MINION NECROTIC PENETRATION
835,IDOLS,WEAVER IDOLS,VOID RESISTANCE AND MINION VOID RESISTANCE
836,IDOLS,WEAVER IDOLS,POISON RESISTANCE AND MINION POISON RESISTANCE
837,IDOLS,WEAVER IDOLS,PHYSICAL RESISTANCE AND MINION PHYSICAL RESISTANCE
838,IDOLS,WEAVER IDOLS,NECROTIC RESISTANCE AND MINION NECROTIC RESISTANCE
839,IDOLS,WEAVER IDOLS,DAMAGE REFLECTED AND DAMAGE DEALT TO ATTACKERS
840,IDOLS,WEAVER IDOLS,CRITICAL STIKE AVOIDANCE AND INCREASED CRITICAL STRIKE CHANCE
841,IDOLS,WEAVER IDOLS,REDUCED BONUS DAMAGE TAKEN FROM CRITS AND INCREASED CRITICAL STRIKE CHANCE
842,IDOLS,WEAVER IDOLS,ARMOR AND INCREASED ARMOR
843,IDOLS,WEAVER IDOLS,MANA AND INCREASED MANA REGEN
844,IDOLS,WEAVER IDOLS,ADDED STUN AVOIDANCE AND INCREASED STUN IMMUNITY DURATION
845,IDOLS,WEAVER IDOLS,WARD AND WARD DECAY THRESHOLD ON POTION USE
846,IDOLS,WEAVER IDOLS,WARD RETENTION AND WARD PER SECOND
847,IDOLS,WEAVER IDOLS,COLD PENETRATION AND MINION COLD PENETRATION
848,IDOLS,WEAVER IDOLS,FIRE PENETRATION AND MINION FIRE PENETRATION
849,IDOLS,WEAVER IDOLS,LIGHTNING PENETRATION AND MINION LIGHTNING PENETRATION
850,IDOLS,WEAVER IDOLS,COLD RESISTANCE AND MINION COLD RESISTANCE
851,IDOLS,WEAVER IDOLS,ELEMENTAL RESISTANCE AND MINION ELEMENTAL RESISTANCE
852,IDOLS,WEAVER IDOLS,FIRE RESISTANCE AND MINION FIRE RESISTANCE
853,IDOLS,WEAVER IDOLS,HEALTH AND ADDED HEALTH REGENERATION
854,IDOLS,WEAVER IDOLS,HEALTH AND MANA
855,IDOLS,WEAVER IDOLS,LIGHTNING RESISTANCE AND MINION LIGHTNING RESISTANCE
856,IDOLS,WEAVER IDOLS,ENDURANCE AND ENDURANCE THRESHOLD
857,IDOLS,WEAVER IDOLS,INCREASED CHANCE TO FIND POTIONS AND HEALTH GAINED ON POTION USE
858,IDOLS,WEAVER IDOLS,CHANCE TO INFLICT BLEED ON HIT AND PHYSICAL PENETRATION WITH BLEED
859,IDOLS,WEAVER IDOLS,CHANCE TO POISON ON HIT AND POISON PENETRATION WITH POISON
860,IDOLS,WEAVER IDOLS,HEALTH ON KILL AND ADDED HEALTH
861,IDOLS,WEAVER IDOLS,INCREASED STUN DURATION AND INCREASED STUN CHANCE
862,IDOLS,WEAVER IDOLS,VITALITY AND ADDED HEALTH REGEN
863,IDOLS,WEAVER IDOLS,NECROTIC PENETRATION AND MINION NECROTIC PENETRATION
864,IDOLS,WEAVER IDOLS,VOID PENETRATION AND MINION VOID PENETRATION
865,IDOLS,WEAVER IDOLS,POISON PENETRATION AND MINION POISON PENETRATION
866,IDOLS,WEAVER IDOLS,PHYSICAL PENETRATION AND MINION PHYSICAL PENETRATION
867,IDOLS,WEAVER IDOLS,NECROTIC RESISTANCE AND MINION NECROTIC RESISTANCE
868,IDOLS,WEAVER IDOLS,VOID RESISTANCE AND MINION VOID RESISTANCE
869,IDOLS,WEAVER IDOLS,POISON RESISTANCE AND MINION POISON RESISTANCE
870,IDOLS,WEAVER IDOLS,PHYSICAL RESISTANCE AND MINION PHYSICAL RESISTANCE
871,IDOLS,WEAVER IDOLS,ADDED BOW DAMAGE AND INCREASED BOW DAMAGE
872,IDOLS,WEAVER IDOLS,ADDED MELEE DAMAGE AND INCREASED MELEE DAMAGE
873,IDOLS,WEAVER IDOLS,ADDED THROWING DAMAGE AND INCREASED THROWING DAMAGE
874,IDOLS,WEAVER IDOLS,ADDED SPELL DAMAGE AND INCREASED SPELL DAMAGE
875,IDOLS,WEAVER IDOLS,CHANCE TO GAIN 30 WARD WHEN HIT AND WARD DECAY THRESHOLD
876,IDOLS,WEAVER IDOLS,CHANCE TO IGNITE ON HIT AND FIRE PENETRATION WITH IGNITE
877,IDOLS,WEAVER IDOLS,CHANCE TO SHOCK ON HIT AND INCREASED SHOCK DURATION
878,IDOLS,WEAVER IDOLS,INCREASED CRITICAL STRIKE CHANCE AND CRITICAL STRIKE MULTIPLIER
879,IDOLS,WEAVER IDOLS,FREEZE RATE MULTIPLIER AND WARD WHEN YOU FREEZE AN ENEMY
880,IDOLS,WEAVER IDOLS,HEALTH ON KILL AND INCREASED HEALTH
881,IDOLS,WEAVER IDOLS,POTION HEALTH CONVERTED TO WARD AND WARD GAINED ON POTION USE
882,IDOLS,WEAVER IDOLS,COLD PENETRATION AND MINION COLD PENETRATION
883,IDOLS,WEAVER IDOLS,FIRE PENETRATION AND MINION FIRE PENETRATION
884,IDOLS,WEAVER IDOLS,LIGHTNING PENETRATION AND MINION LIGHTNING PENETRATION
885,IDOLS,WEAVER IDOLS,COLD RESISTANCE AND MINION COLD RESISTANCE
886,IDOLS,WEAVER IDOLS,ELEMENTAL RESISTANCE AND MINION ELEMENTAL RESISTANCE
887,IDOLS,WEAVER IDOLS,FIRE RESISTANCE AND MINION FIRE RESISTANCE
888,IDOLS,WEAVER IDOLS,LIGHTNING RESISTANCE AND MINION LIGHTNING RESISTANCE
889,IDOLS,WEAVER IDOLS,ADDED BLOCK EFFECTIVENESS AND HEALTH GAINED ON BLOCK
890,IDOLS,WEAVER IDOLS,WARD PER SECOND AND WARD RETENTION
891,IDOLS,WEAVER IDOLS,INCREASED DAMAGE OVER TIME AND CHANCE TO APPLY FRAILTY ON HIT
892,IDOLS,ENCHANTED IDOLS,INCREASED CRITICAL STRIKE CHANCE AND ADDED CRITICAL STRIKE MULTIPLIER
893,IDOLS,ENCHANTED IDOLS,INCREASED COOLDOWN RECOVERY SPEED AND INCREASED MANA REGENERATION
894,IDOLS,ENCHANTED IDOLS,INCREASED MOVEMENT SPEED AND INCREASED DAMAGE
895,IDOLS,ENCHANTED IDOLS,INCREASED ARMOR AND REDUCED BONUS DAMAGE TAKEN FROM CRITICAL HITS
896,IDOLS,ENCHANTED IDOLS,ADDED DODGE RATING IF YOU HAVE BEEN HIT RECENTLY AND CRITICAL STRIKE AVOIDANCE
897,IDOLS,ENCHANTED IDOLS,WARD DECAY THRESHOLD AND WARD PER SECOND
898,IDOLS,ENCHANTED IDOLS,CHANCE TO NOT CONSUME POTION ON USE AND WARD GAINED ON POTION USE
899,IDOLS,ENCHANTED IDOLS,INCREASED DAMAGE OVER TIME AND ENDURANCE
900,IDOLS,ENCHANTED IDOLS,ADDED SPELL DAMAGE WHILE WIELDING A STAFF WARD PER SECOND WHILE WIELDING A STAFF
901,IDOLS,ENCHANTED IDOLS,FROSTBITE DURATION AND FROSTBITE CHANCE WITH COLD SKILLS
902,IDOLS,ENCHANTED IDOLS,ELEMENTAL DAMAGE OVER TIME AND INCREASED FIRE AURA AREA
903,IDOLS,ENCHANTED IDOLS,SPARK CHARGE CHANCE ON LIGHTNING MELEE HIT AND INCREASED LIGHTNING SKILL AREA
904,IDOLS,ENCHANTED IDOLS,WARD GAINED WHEN YOU USE ENCHANT WEAPON AND INCREASED MELEE ELEMENTAL DAMAGE
905,IDOLS,ENCHANTED IDOLS,INCREASED MANA REGEN AND DAMAGE DEALT TO MANA
906,IDOLS,ENCHANTED IDOLS,WARD DECAY THRESHOLD AND WARD GAINED ON EVADE
907,IDOLS,ENCHANTED IDOLS,INCREASED CRIT CHANCE WITH A CATALYST AND CRITCAL STRIKE MULTIPLIER WITH A CATALYST
908,IDOLS,ENCHANTED IDOLS,FRENZY EFFECT AND INCREASED MELEE DAMAGE WHILE YOU HAVE FRENZY
909,IDOLS,ENCHANTED IDOLS,COMPANION REVIVE SPEED AND INCREASED MINION HEALTH
910,IDOLS,ENCHANTED IDOLS,INCREASED TOTEM DAMAGE AND TOTEM TELEPORTATION ON TRAVERSAL
911,IDOLS,ENCHANTED IDOLS,INCREASED MOVEMENT SPEED WHILE TRANSFORMED AND HASTE AFTER YOU TRANSFORM
912,IDOLS,ENCHANTED IDOLS,MELEE DAMAGE AND SPELL DAMAGE
913,IDOLS,ENCHANTED IDOLS,SHOCK DURATION AND ENDURANCE THRESHOLD AGAINST SHOCKED ENEMIES
914,IDOLS,ENCHANTED IDOLS,ARMOR WHILE TRANSFORMED AND RAGE GAINED PER SECOND WHILE TRANSFORMED
915,IDOLS,ENCHANTED IDOLS,MANA INCREASED AND MANA REGEN WITH A MINION
916,IDOLS,ENCHANTED IDOLS,CHANCE TO INFLICT TIME ROT ON HIT WITH VOID SKILLS AND INCREASED VOID DAMAGE
917,IDOLS,ENCHANTED IDOLS,CHANCE TO APPLY ELECTRIFY ON HIT WITH LIGHTNING SKILLS AND LIGHTNING PEN WITH ELECTRIFY
918,IDOLS,ENCHANTED IDOLS,ELECTRIFY DURATION AND LEECH WITH ELEMENTAL DAMAGE OVER TIME
919,IDOLS,ENCHANTED IDOLS,INCREASED HEALING EFFECTIVENESS AND ADDED HEALTH
920,IDOLS,ENCHANTED IDOLS,INCREASED ECHO DAMAGE AND CHANCE TO GAIN FRENZY FOR 3 SECONDS ON ECHO
921,IDOLS,ENCHANTED IDOLS,INCREASED ARMOR AND ARMOR APPLIES TO DOTS
922,IDOLS,ENCHANTED IDOLS,ADDED SPELL DAMAGE WITH A SHIELD AND ADDED SPELL DAMAGE WITH A 2H AXE
923,IDOLS,ENCHANTED IDOLS,LESS DAMAGE OVER TIME TAKEN WHILE USING A SHIELD AND HEALTH GAINED ON BLOCK
924,IDOLS,ENCHANTED IDOLS,INCREASED POISON DURATION AND SECONDS OF FRENZY WHEN YOU GAIN POISON OVERLOAD
925,IDOLS,ENCHANTED IDOLS,MINION MELEE ATTACK SPEED AND ADDED MINION MELEE DAMAGE
926,IDOLS,ENCHANTED IDOLS,MINION CAST SPEED AND ADDED MINION SPELL DAMAGE
927,IDOLS,ENCHANTED IDOLS,MINION BOW ATTACK SPEED AND ADDED MINION BOW DAMAGE
928,IDOLS,ENCHANTED IDOLS,MINION THROWING ATTACK SPEED AND ADDED MINION THROWING DAMAGE
929,IDOLS,ENCHANTED IDOLS,MINION LEECH AND ADDED MINION REGEN
930,IDOLS,ENCHANTED IDOLS,REAP COOLDOWN RECOVERY SPEED AND CHANCE TO CAST HARVEST AT UP TO 3 NEARBY ENEMIES WHEN YOU USE REAP
931,IDOLS,ENCHANTED IDOLS,CRIMSON SHROUD DURATION AND ADDITIONAL BLEED CHANCE PER CRIMSON SHROUD
932,IDOLS,ENCHANTED IDOLS,SILVER SHROUD DURATION AND WARD GRANTED PER SILVER SHROUD
933,IDOLS,ENCHANTED IDOLS,GLANCING BLOW CHANCE AND INCREASED DODGE RATING
934,IDOLS,ENCHANTED IDOLS,INCREASED THROWING DAMAGE AND INCREASED DAMAGE WHILE DUAL WIELDING
935,IDOLS,ENCHANTED IDOLS,INCREASED DAMAGE WHILE WIELDING A BOW AND CHANCE TO REPEAT BOW ATTACKS
936,IDOLS,ENCHANTED IDOLS,HASTE EFFECT AND HASTE DURATION ON EVADE
937,IDOLS,ENCHANTED IDOLS,POISON DURATION AND CHANCE TO THROW ACID FLASK ON BOW HIT (3 SECOND COOLDOWN)
938,IDOLS,ENCHANTED IDOLS,PHYSICAL RESISTANCE AND BLEED DURATION
939,IDOLS,ENCHANTED IDOLS,FIRE RESISTANCE AND IGNITE DURATION
940,IDOLS,ENCHANTED IDOLS,CHANCE TO NOT CONSUME SILVER SHROUDS WHEN HIT AND WARD GRANTED PER SILVER SHROUD
676,EXPERIMENTAL,EXPERIMENTAL,EXPERIMENTAL HASTE EFFECT
677,EXPERIMENTAL,EXPERIMENTAL,EXPERIMENTAL FRENZY EFFECT
678,EXPERIMENTAL,EXPERIMENTAL,EXPERIMENTAL WARD GAINED ON TRAVERSAL
679,EXPERIMENTAL,EXPERIMENTAL,EXPERIMENTAL MINIONS TRANSPORTED WITH TRAVERSAL SKILLS
673,EXPERIMENTAL,EXPERIMENTAL,EXPERIMENTAL WARD ON KILL
674,EXPERIMENTAL,EXPERIMENTAL,EXPERIMENTAL DODGE RATING AND ENDURANCE THRESHOLD
675,EXPERIMENTAL,EXPERIMENTAL,EXPERIMENTAL WARD PER MISSING HEALTH
710,EXPERIMENTAL,EXPERIMENTAL,EXPERIMENTAL ARMOR APPLIES TO DAMAGE OVER TIME
711,EXPERIMENTAL,EXPERIMENTAL,EXPERIMENTAL WARD ON POTION USE
712,EXPERIMENTAL,EXPERIMENTAL,EXPERIMENTAL MANA ON POTION USE
713,EXPERIMENTAL,EXPERIMENTAL,EXPERIMENTAL TRAVERSAL COOLDOWN RECOVERY ON POTION USE
714,EXPERIMENTAL,EXPERIMENTAL,EXPERIMENTAL BEE ON POTION USE
701,PERSONAL,PERSONAL,WARD GAINED WHEN DAMAGE LEAVES YOU AT LOW HEALTH
700,PERSONAL,PERSONAL,CAVE DRUID'S
702,PERSONAL,PERSONAL,SOLAR DESERTER'S
703,PERSONAL,PERSONAL,BLOOM TENDER'S
704,PERSONAL,PERSONAL,ORIAN'S
705,PERSONAL,PERSONAL,UCENUI'S
706,PERSONAL,PERSONAL,HIRISH'S
698,PERSONAL,PERSONAL,JULRA'S
699,PERSONAL,PERSONAL,OF THE TIMELOST OUTCAST
707,PERSONAL,PERSONAL,OF THE LAST HERMIT
708,PERSONAL,PERSONAL,ANDINAI'S
758,PERSONAL,PERSONAL,CURSED
766,PERSONAL,PERSONAL,DEATH GRIP CHAMPION'S
767,PERSONAL,PERSONAL,MIRAGE CHAMPION'S
768,PERSONAL,PERSONAL,SPARK CHAMPION'S
769,PERSONAL,PERSONAL,INFERNAL CHAMPION'S
770,PERSONAL,PERSONAL,WHIRLPOOL CHAMPION'S
771,PERSONAL,PERSONAL,VOLCANO CHAMPION'S
772,PERSONAL,PERSONAL,CARNAGE CHAMPION'S
773,PERSONAL,PERSONAL,ABYSSAL CHAMPION'S
774,PERSONAL,PERSONAL,PROFANE CHAMPION'S
775,PERSONAL,PERSONAL,VENOMOUS CHAMPION'S
776,PERSONAL,PERSONAL,METEOR CHAMPION'S
777,PERSONAL,PERSONAL,RIVER CHAMPION'S
778,PERSONAL,PERSONAL,STORM CHAMPION'S
779,PERSONAL,PERSONAL,PORTAL CHAMPION'S
780,SET,SET,BOARDMAN'S FALLACY REFORGED
781,SET,SET,BOARDMAN'S LEGACY REFORGED
782,SET,SET,BOARDMAN'S PLANK REFORGED
783,SET,SET,CORSAIR'S BLOOD COWL REFORGED
784,SET,SET,CORSAIR'S BOARDING SHIELD REFORGED
785,SET,SET,FEREBOR'S PERSISTENCE REFORGED
786,SET,SET,FEREBOR'S CHISEL REFORGED
787,SET,SET,BLADE OF THE FORGOTTEN KNIGHT REFORGED
788,SET,SET,DEFIANCE OF THE FORGOTTEN KNIGHT REFORGED
789,SET,SET,LOCKET OF THE FORGOTTEN KNIGHT REFORGED
790,SET,SET,GASPAR'S ACUITY REFORGED
791,SET,SET,GASPAR'S INSIGHT REFORGED
792,SET,SET,GASPAR'S WILL REFORGED
793,SET,SET,HALVAR'S PLEDGE REFORGED
794,SET,SET,HALVAR'S STAND REFORGED
795,SET,SET,LAST GIFT OF THE MOUNTAIN REFORGED
796,SET,SET,THE INVOKER'S FROZEN HEART REFORGED
797,SET,SET,THE INVOKER'S SCORCHING GRASP REFORGED
798,SET,SET,THE INVOKER'S STATIC TOUCH REFORGED
799,SET,SET,ISADORA'S REVENGE REFORGED
800,SET,SET,ISADORA'S GRAVECHILL REFORGED
801,SET,SET,ISADORA'S TOMB BINDING REFORGED
802,SET,SET,THE LAST BEAR'S LAMENT REFORGED
803,SET,SET,THE LAST BEAR'S SCORN REFORGED
804,SET,SET,THE LAST BEAR'S FURY REFORGED
805,SET,SET,LICH'S ENVY REFORGED
806,SET,SET,LICH'S SCORN REFORGED
807,SET,SET,PEBBLES' BITEMARKED SASH REFORGED
808,SET,SET,PEBBLES' FEMUR REFORGED
809,SET,SET,PEBBLES' COLLAR REFORGED
810,SET,SET,RUBY FANG CLEAVER REFORGED
811,SET,SET,RUBY FANG AEGIS REFORGED
812,SET,SET,SHARD OF THE SHATTERED LANCE REFORGED
813,SET,SET,FRAGMENTS OF THE SHATTERED LANCE REFORGED
814,SET,SET,SINATHIA'S DYING BREATH REFORGED
815,SET,SET,SINATHIA'S RESURRECTION REFORGED
816,SET,SET,SUNFORGED GREATHELM REFORGED
817,SET,SET,SUNFORGED CUIRASS REFORGED
818,SET,SET,SUNFORGED HAMMER REFORGED
819,SET,SET,VILATRIA'S DOWNFALL REFORGED
820,SET,SET,VILATRIA'S STORM CROWN REFORGED
821,SET,SET,ZERRICK'S GUILE REFORGED
822,SET,SET,ZERRICK'S GREED REFORGED
823,SET,SET,ZERRICK'S AMBITION REFORGED